champion_id,region,tier,games_played,wins,avg_kda,avg_damage_dealt,avg_gold_earned,avg_cs,avg_vision_score,win_rate,pick_rate,ban_rate
1,euw1,DIAMOND,8,6,3.34,22486.5,12199.5,201.63,23.38,0.75,0.0094,0.034
1,euw1,EMERALD,2,1,3.92,28747.0,11374.0,170.0,15.0,0.5,0.0018,0.01
1,euw1,GOLD,2,1,2.9,20512.0,10822.0,160.0,11.0,0.5,0.0018,0.0115
1,euw1,PLATINUM,4,2,3.09,18923.0,10168.5,158.5,12.5,0.5,0.0035,0.007
2,euw1,GOLD,1,0,0.71,10784.0,7402.0,142.0,10.0,0.0,0.0009,0.0187
2,euw1,PLATINUM,1,0,2.1,34910.0,17191.0,250.0,13.0,0.0,0.0009,0.0105
2,na1,DIAMOND,1,1,1.17,25089.0,12143.0,195.0,15.0,1.0,0.0009,0.0131
2,na1,EMERALD,2,2,2.22,30528.5,14777.5,235.0,19.0,1.0,0.002,0.0082
3,euw1,DIAMOND,4,1,1.3,14209.75,8630.0,166.75,14.0,0.25,0.0047,0.0305
3,euw1,EMERALD,3,1,3.24,11508.0,8086.0,153.33,12.0,0.3333,0.0027,0.0328
3,euw1,GOLD,11,6,4.18,14689.45,9439.36,157.36,19.36,0.5455,0.0098,0.0258
3,euw1,PLATINUM,25,12,4.15,21466.68,11699.6,194.92,22.36,0.48,0.0218,0.0349
3,na1,DIAMOND,7,4,6.68,19873.86,10411.29,174.86,14.14,0.5714,0.0061,0.0618
3,na1,EMERALD,5,3,3.19,20282.0,12164.0,210.2,15.0,0.6,0.0051,0.052
4,euw1,DIAMOND,4,3,2.37,18024.0,11666.75,175.75,16.25,0.75,0.0047,0.0117
4,euw1,EMERALD,3,2,4.78,22544.33,12538.33,195.33,15.0,0.6667,0.0027,0.0082
4,euw1,GOLD,2,1,3.57,21943.5,12937.5,183.5,10.0,0.5,0.0018,0.0036
4,euw1,PLATINUM,13,6,5.01,25549.23,13747.08,197.77,20.31,0.4615,0.0113,0.0454
4,kr,GOLD,5,3,2.75,19179.6,12347.0,188.4,16.4,0.6,0.0417,0.1417
4,na1,DIAMOND,6,1,2.36,14071.83,9015.67,153.33,11.67,0.1667,0.0052,0.0183
4,na1,EMERALD,5,1,3.25,20645.2,11424.4,184.4,9.0,0.2,0.0051,0.0214
5,euw1,DIAMOND,3,1,4.79,23704.67,12015.33,181.0,23.67,0.3333,0.0035,0.0246
5,euw1,EMERALD,2,1,2.06,24357.0,11837.5,188.0,26.5,0.5,0.0018,0.0164
5,euw1,GOLD,4,1,1.95,18098.75,11097.0,154.75,24.5,0.25,0.0036,0.0169
5,euw1,PLATINUM,11,3,1.69,24935.91,12286.45,193.27,21.0,0.2727,0.0096,0.0148
5,na1,DIAMOND,12,6,4.56,19949.92,11436.83,180.42,21.42,0.5,0.0104,0.0296
5,na1,EMERALD,1,0,1.11,14312.0,9476.0,99.0,12.0,0.0,0.001,0.0204
6,euw1,EMERALD,36,20,2.42,21999.97,11954.5,174.89,25.61,0.5556,0.0328,0.0091
6,euw1,GOLD,9,3,1.46,23302.67,11210.0,190.78,11.33,0.3333,0.008,0.0142
6,euw1,PLATINUM,19,10,5.0,27667.21,13074.05,198.05,16.21,0.5263,0.0166,0.0148
6,na1,DIAMOND,2,0,1.04,22336.0,10901.5,224.5,13.5,0.0,0.0017,0.0148
7,euw1,DIAMOND,9,5,7.7,17943.78,10193.89,149.89,19.0,0.5556,0.0106,0.1723
7,euw1,EMERALD,11,7,3.58,24545.91,11013.45,150.0,26.09,0.6364,0.01,0.1077
7,euw1,GOLD,2,1,2.9,17859.5,14385.5,190.5,24.0,0.5,0.0018,0.0924
7,euw1,PLATINUM,10,5,3.96,25931.1,12458.6,203.0,21.3,0.5,0.0087,0.103
7,kr,GOLD,1,1,1.57,17726.0,9309.0,47.0,90.0,1.0,0.0083,0.5083
7,na1,DIAMOND,2,2,7.29,28649.5,13586.0,207.5,26.0,1.0,0.0017,0.2272
7,na1,EMERALD,2,1,6.92,26691.0,12867.5,211.0,25.0,0.5,0.002,0.1764
8,euw1,DIAMOND,3,3,3.96,25973.33,12748.67,193.0,21.0,1.0,0.0035,0.0985
8,euw1,EMERALD,7,4,2.22,20634.86,9965.14,176.71,12.29,0.5714,0.0064,0.0557
8,euw1,PLATINUM,3,2,8.89,32719.67,14844.67,271.67,18.67,0.6667,0.0026,0.0716
8,kr,GOLD,2,1,0.6,20878.0,12881.0,245.0,10.0,0.5,0.0167,0.0083
8,na1,DIAMOND,10,8,4.61,22539.7,10827.6,193.6,13.3,0.8,0.0087,0.0809
8,na1,EMERALD,3,0,1.97,40230.0,14647.67,255.33,19.33,0.0,0.0031,0.0877
9,euw1,DIAMOND,1,1,5.67,9940.0,8057.0,21.0,56.0,1.0,0.0012,0.0574
9,euw1,GOLD,5,2,3.98,16151.8,8497.2,113.6,42.6,0.4,0.0044,0.0204
9,euw1,PLATINUM,11,6,3.41,14512.55,8271.45,78.27,56.91,0.5455,0.0096,0.0349
9,kr,GOLD,2,1,2.35,10380.5,8779.0,152.5,39.0,0.5,0.0167,0.0167
9,na1,DIAMOND,42,20,4.4,20364.14,10238.33,116.76,62.67,0.4762,0.0366,0.1245
9,na1,EMERALD,10,5,4.43,16723.0,9236.6,85.3,56.2,0.5,0.0102,0.0724
10,euw1,EMERALD,9,5,2.0,23076.11,12797.22,220.67,14.78,0.5556,0.0082,0.0456
10,euw1,GOLD,4,1,1.91,42304.5,16973.25,258.0,21.0,0.25,0.0036,0.048
10,euw1,PLATINUM,9,5,3.05,22482.33,13798.11,250.0,15.11,0.5556,0.0079,0.0567
10,na1,EMERALD,17,10,3.83,23290.47,12464.53,232.71,15.76,0.5882,0.0173,0.0459
11,euw1,DIAMOND,1,0,0.92,18838.0,10517.0,135.0,15.0,0.0,0.0012,0.0504
11,euw1,EMERALD,1,1,4.8,27601.0,15149.0,159.0,21.0,1.0,0.0009,0.0949
11,euw1,GOLD,12,5,1.51,12256.58,8987.42,140.33,15.0,0.4167,0.0107,0.0933
11,euw1,PLATINUM,9,1,1.31,20684.44,11820.89,163.44,17.56,0.1111,0.0079,0.0829
11,kr,GOLD,1,0,0.6,8511.0,7747.0,135.0,19.0,0.0,0.0083,0.025
11,na1,DIAMOND,1,1,5.4,35744.0,16006.0,214.0,30.0,1.0,0.0009,0.1027
11,na1,EMERALD,5,5,4.62,18640.2,11478.0,157.0,17.0,1.0,0.0051,0.1182
12,euw1,DIAMOND,7,3,2.27,6977.43,6978.43,22.71,61.71,0.4286,0.0082,0.0152
12,euw1,EMERALD,1,0,1.5,9206.0,6737.0,34.0,51.0,0.0,0.0009,0.01
12,euw1,GOLD,1,0,1.17,7074.0,6297.0,27.0,79.0,0.0,0.0009,0.0115
12,euw1,PLATINUM,2,2,3.27,22601.0,12552.5,106.5,53.5,1.0,0.0017,0.0157
12,kr,GOLD,1,1,5.5,14552.0,12293.0,50.0,166.0,1.0,0.0083,0.0167
12,na1,DIAMOND,3,2,2.27,6224.67,6164.0,19.33,39.67,0.6667,0.0026,0.0244
12,na1,EMERALD,3,1,2.68,7895.33,8078.0,28.33,49.0,0.3333,0.0031,0.0214
13,euw1,DIAMOND,2,2,8.88,33150.5,14528.5,257.5,28.0,1.0,0.0023,0.0047
13,euw1,EMERALD,6,2,3.77,23358.83,11238.83,223.67,15.5,0.3333,0.0055,0.0073
13,euw1,GOLD,1,0,3.0,27785.0,10534.0,186.0,15.0,0.0,0.0009,0.0036
13,na1,DIAMOND,4,1,2.49,29074.5,13226.75,254.75,14.25,0.25,0.0035,0.0113
13,na1,EMERALD,9,3,3.16,25156.78,12394.22,227.78,27.67,0.3333,0.0092,0.0071
14,euw1,EMERALD,11,7,2.23,20853.09,12351.18,210.45,8.09,0.6364,0.01,0.0055
14,euw1,GOLD,12,4,1.9,29205.25,13392.83,220.92,13.33,0.3333,0.0107,0.0133
14,kr,GOLD,3,0,1.83,26309.67,10849.33,156.67,29.33,0.0,0.025,0.0
14,na1,DIAMOND,4,0,1.45,19239.5,11776.75,225.25,15.25,0.0,0.0035,0.0113
14,na1,EMERALD,3,1,1.44,25933.67,13204.67,240.67,21.0,0.3333,0.0031,0.0133
15,euw1,DIAMOND,2,1,2.4,26152.5,11441.5,215.0,11.0,0.5,0.0023,0.007
15,euw1,EMERALD,17,14,5.19,29508.41,13313.18,243.59,15.71,0.8235,0.0155,0.0073
15,euw1,GOLD,2,0,1.07,11063.5,8156.0,163.0,10.0,0.0,0.0018,0.0115
15,euw1,PLATINUM,7,3,3.66,25002.0,13247.71,250.57,17.0,0.4286,0.0061,0.0131
15,na1,DIAMOND,5,2,2.72,26115.6,12813.8,239.8,12.6,0.4,0.0044,0.0096
15,na1,EMERALD,4,2,4.25,19750.5,11248.5,210.0,13.5,0.5,0.0041,0.0143
16,euw1,EMERALD,7,3,2.83,5540.0,7470.0,22.14,46.57,0.4286,0.0064,0.0146
16,euw1,PLATINUM,3,1,1.03,4907.33,5753.0,21.0,58.67,0.3333,0.0026,0.0271
16,na1,EMERALD,22,13,4.27,6297.32,7261.05,22.86,48.55,0.5909,0.0224,0.0265
17,euw1,EMERALD,8,6,1.89,39359.38,14743.38,258.38,27.63,0.75,0.0073,0.0319
17,euw1,GOLD,9,6,2.3,37003.44,12529.11,195.0,12.89,0.6667,0.008,0.1048
17,euw1,PLATINUM,1,1,3.0,24191.0,12336.0,178.0,18.0,1.0,0.0009,0.0611
17,kr,GOLD,1,1,0.93,39807.0,14382.0,211.0,11.0,1.0,0.0083,0.1
17,na1,EMERALD,1,1,4.67,25537.0,11648.0,193.0,12.0,1.0,0.001,0.0316
18,euw1,EMERALD,10,6,2.77,28563.5,13446.4,189.1,14.3,0.6,0.0091,0.0557
18,euw1,GOLD,11,6,3.08,17385.82,10827.73,179.55,16.64,0.5455,0.0098,0.048
18,euw1,PLATINUM,6,4,3.07,25543.5,13320.83,201.67,18.83,0.6667,0.0052,0.0506
18,na1,DIAMOND,13,6,3.26,25342.85,13155.77,202.15,14.15,0.4615,0.0113,0.1366
18,na1,EMERALD,7,5,5.23,27280.86,12463.14,161.43,21.14,0.7143,0.0071,0.0724
19,euw1,EMERALD,1,1,1.0,22985.0,13130.0,217.0,29.0,1.0,0.0009,0.0529
19,euw1,GOLD,5,4,3.59,33799.4,16243.8,216.6,21.6,0.8,0.0044,0.1696
19,euw1,PLATINUM,7,4,4.0,18865.57,12413.14,187.29,12.29,0.5714,0.0061,0.1099
19,na1,DIAMOND,4,2,1.52,28060.75,12343.75,135.25,14.0,0.5,0.0035,0.0226
19,na1,EMERALD,10,5,2.83,31949.8,12318.6,176.2,12.3,0.5,0.0102,0.0428
20,euw1,GOLD,2,0,2.13,22177.0,12527.5,163.5,15.0,0.0,0.0018,0.008
20,euw1,PLATINUM,7,4,7.98,17969.0,11299.29,147.14,16.14,0.5714,0.0061,0.007
20,na1,DIAMOND,47,22,5.0,14210.28,10586.91,177.68,15.51,0.4681,0.0409,0.0209
20,na1,EMERALD,3,2,3.85,13922.0,8110.67,113.33,10.67,0.6667,0.0031,0.0133
21,euw1,EMERALD,8,3,3.07,27493.13,12614.88,211.0,15.38,0.375,0.0073,0.0301
21,euw1,GOLD,16,11,4.53,27596.5,13058.69,207.13,12.69,0.6875,0.0142,0.0533
21,euw1,PLATINUM,33,19,2.76,22840.64,12996.64,210.12,18.97,0.5758,0.0288,0.0262
21,na1,EMERALD,1,0,0.44,16891.0,9244.0,168.0,10.0,0.0,0.001,0.0245
22,euw1,DIAMOND,20,12,3.66,22267.3,11835.35,170.95,25.85,0.6,0.0234,0.0188
22,euw1,EMERALD,7,3,3.08,24557.0,11906.57,194.86,20.86,0.4286,0.0064,0.0365
22,euw1,GOLD,8,4,3.34,26415.75,13985.88,193.0,36.0,0.5,0.0071,0.0249
22,euw1,PLATINUM,19,10,2.82,24077.26,11946.16,181.84,26.68,0.5263,0.0166,0.0393
22,na1,DIAMOND,4,4,5.06,24889.0,12794.0,196.0,16.75,1.0,0.0035,0.02
22,na1,EMERALD,13,7,2.75,21121.31,11384.77,188.92,19.31,0.5385,0.0133,0.0326
23,euw1,GOLD,2,1,1.43,18757.5,11241.0,198.5,14.0,0.5,0.0018,0.0231
23,na1,DIAMOND,2,2,3.5,14475.0,11574.0,195.5,14.0,1.0,0.0017,0.0435
23,na1,EMERALD,2,1,2.41,23491.0,14751.0,257.0,13.5,0.5,0.002,0.0245
24,euw1,DIAMOND,7,4,1.76,15840.29,10418.29,187.0,11.29,0.5714,0.0082,0.0996
24,euw1,EMERALD,4,3,2.36,25034.5,12482.25,186.0,14.0,0.75,0.0036,0.0785
24,euw1,GOLD,4,1,1.28,27691.5,12367.5,169.5,13.0,0.25,0.0036,0.0568
24,euw1,PLATINUM,2,1,1.94,21275.5,11117.5,186.5,14.5,0.5,0.0017,0.0908
24,kr,GOLD,1,0,1.2,17497.0,6773.0,115.0,4.0,0.0,0.0083,0.0667
24,na1,DIAMOND,5,2,1.86,18883.4,11146.4,176.4,16.0,0.4,0.0044,0.114
24,na1,EMERALD,19,12,4.54,22168.95,12333.11,186.68,19.16,0.6316,0.0194,0.0999
25,euw1,DIAMOND,3,2,3.59,11349.67,8622.33,39.0,49.33,0.6667,0.0035,0.0223
25,euw1,EMERALD,1,1,,0.0,506.0,0.0,0.0,1.0,0.0009,0.0465
25,euw1,GOLD,5,2,2.56,12903.2,8898.8,68.4,55.4,0.4,0.0044,0.2096
25,euw1,PLATINUM,8,5,3.72,17611.88,9294.25,52.63,66.5,0.625,0.007,0.1213
26,euw1,EMERALD,34,19,8.43,17602.79,9980.41,152.32,37.82,0.5588,0.031,0.021
26,euw1,GOLD,1,1,5.0,36252.0,14005.0,107.0,100.0,1.0,0.0009,0.0133
26,euw1,PLATINUM,1,0,3.17,14740.0,12341.0,140.0,127.0,0.0,0.0009,0.0087
26,na1,DIAMOND,1,1,3.0,5732.0,7926.0,36.0,83.0,1.0,0.0009,0.0226
27,euw1,EMERALD,1,1,5.0,22960.0,14378.0,298.0,21.0,1.0,0.0009,0.0027
27,euw1,PLATINUM,14,8,3.24,24766.14,12671.79,216.5,28.93,0.5714,0.0122,0.0026
28,euw1,DIAMOND,1,0,3.14,39289.0,15467.0,180.0,33.0,0.0,0.0012,0.0528
28,euw1,EMERALD,2,2,4.75,21657.5,11932.0,188.5,21.0,1.0,0.0018,0.0666
28,euw1,PLATINUM,2,0,1.44,12443.5,9882.5,131.5,15.0,0.0,0.0017,0.0794
28,na1,DIAMOND,1,0,1.57,23751.0,10542.0,134.0,12.0,0.0,0.0009,0.0453
28,na1,EMERALD,1,0,3.0,23604.0,11921.0,172.0,11.0,0.0,0.001,0.0489
29,euw1,DIAMOND,2,0,1.37,23418.5,10747.0,200.5,18.0,0.0,0.0023,0.061
29,euw1,EMERALD,3,1,2.6,23182.0,12360.67,192.67,9.67,0.3333,0.0027,0.0967
29,euw1,GOLD,4,3,9.85,23499.5,13047.5,187.5,19.0,0.75,0.0036,0.0728
29,euw1,PLATINUM,1,0,3.2,41208.0,15799.0,180.0,19.0,0.0,0.0009,0.1265
30,euw1,DIAMOND,1,1,5.0,24692.0,12761.0,200.0,17.0,1.0,0.0012,0.0176
30,na1,EMERALD,3,0,1.31,26179.33,10990.67,203.0,14.0,0.0,0.0031,0.0418
31,euw1,DIAMOND,5,2,2.65,25682.2,13595.0,223.8,17.8,0.4,0.0059,0.0188
31,euw1,EMERALD,7,1,1.37,22408.71,11750.43,200.0,17.14,0.1429,0.0064,0.0292
31,euw1,GOLD,9,5,2.72,21148.78,11251.22,179.67,12.78,0.5556,0.008,0.0391
31,euw1,PLATINUM,2,1,1.25,20516.5,11363.0,224.0,14.0,0.5,0.0017,0.0183
31,na1,DIAMOND,3,1,1.21,25256.67,11204.33,185.0,17.0,0.3333,0.0026,0.0157
31,na1,EMERALD,6,3,5.07,18011.5,12500.67,229.5,16.5,0.5,0.0061,0.0133
32,euw1,EMERALD,4,4,8.29,23582.0,14280.25,200.75,23.75,1.0,0.0036,0.0255
32,euw1,GOLD,8,4,2.19,15428.13,10214.25,152.38,16.63,0.5,0.0071,0.0639
32,euw1,PLATINUM,4,0,1.46,21750.25,10449.5,165.5,17.75,0.0,0.0035,0.0393
32,na1,DIAMOND,1,0,2.0,28113.0,13211.0,219.0,37.0,0.0,0.0009,0.0087
32,na1,EMERALD,1,0,,0.0,508.0,0.0,0.0,0.0,0.001,0.0285
33,euw1,GOLD,7,5,3.2,27602.0,13214.0,182.71,13.0,0.7143,0.0062,0.0835
33,euw1,PLATINUM,2,2,5.63,13800.0,11051.5,151.0,13.5,1.0,0.0017,0.0454
33,na1,EMERALD,2,0,1.21,13462.0,6813.0,102.0,13.0,0.0,0.002,0.0234
34,euw1,EMERALD,10,7,6.3,27903.1,12711.3,213.6,24.7,0.7,0.0091,0.0301
34,euw1,PLATINUM,2,1,6.54,18237.5,11355.0,115.0,70.0,0.5,0.0017,0.0654
34,na1,DIAMOND,9,5,6.1,29745.89,12904.67,187.33,26.78,0.5556,0.0078,0.0331
35,euw1,GOLD,4,1,4.98,15842.5,12017.25,191.5,22.75,0.25,0.0036,0.3135
35,euw1,PLATINUM,8,3,2.61,23351.63,11314.38,113.88,38.88,0.375,0.007,0.2426
35,kr,GOLD,2,2,1.96,13641.0,7018.0,22.0,48.0,1.0,0.0167,0.4417
35,na1,DIAMOND,1,1,6.5,8682.0,10391.0,172.0,22.0,1.0,0.0009,0.1732
35,na1,EMERALD,10,5,3.46,16979.7,10369.8,161.5,19.9,0.5,0.0102,0.1937
36,euw1,DIAMOND,28,15,3.69,20103.96,12575.32,236.75,17.79,0.5357,0.0328,0.1243
36,euw1,EMERALD,19,14,7.44,22473.84,12534.53,214.74,22.84,0.7368,0.0173,0.073
36,euw1,GOLD,1,0,,0.0,507.0,0.0,0.0,0.0,0.0009,0.151
36,euw1,PLATINUM,2,0,1.79,34557.0,14167.0,256.5,19.5,0.0,0.0017,0.1483
36,kr,GOLD,1,0,0.5,32718.0,12642.0,217.0,21.0,0.0,0.0083,0.0
36,na1,DIAMOND,16,11,5.07,23216.94,11579.13,206.25,15.81,0.6875,0.0139,0.0705
36,na1,EMERALD,16,13,6.21,29237.56,13307.69,239.19,19.38,0.8125,0.0163,0.0836
37,euw1,DIAMOND,5,4,8.08,13179.8,9057.2,29.6,60.6,0.8,0.0059,0.0023
37,euw1,EMERALD,2,1,4.62,14662.5,8009.0,24.5,67.5,0.5,0.0018,0.0036
37,euw1,PLATINUM,47,24,6.3,10697.19,7833.17,36.26,48.3,0.5106,0.041,0.0009
37,na1,DIAMOND,55,25,3.96,12854.13,8774.84,35.15,60.25,0.4545,0.0479,0.0087
38,euw1,DIAMOND,2,1,2.63,29318.5,14010.0,221.0,16.0,0.5,0.0023,0.0457
38,euw1,EMERALD,7,5,5.99,29962.86,13220.86,198.29,18.57,0.7143,0.0064,0.0776
38,euw1,GOLD,1,1,,0.0,559.0,2.0,0.0,1.0,0.0009,0.016
38,euw1,PLATINUM,21,10,4.04,19136.9,10623.29,152.1,15.29,0.4762,0.0183,0.0288
38,na1,EMERALD,1,1,3.75,14884.0,11542.0,171.0,22.0,1.0,0.001,0.0214
39,euw1,DIAMOND,2,2,2.24,25755.0,13258.0,230.0,16.0,1.0,0.0023,0.0938
39,euw1,EMERALD,5,3,1.25,17639.4,11560.8,214.0,17.0,0.6,0.0046,0.1068
39,euw1,GOLD,3,1,1.7,19867.0,12335.33,222.67,14.67,0.3333,0.0027,0.0702
39,euw1,PLATINUM,1,1,3.5,17605.0,10773.0,197.0,12.0,1.0,0.0009,0.1012
39,na1,DIAMOND,2,1,11.83,25457.5,13096.5,204.5,12.5,0.5,0.0017,0.0696
39,na1,EMERALD,9,7,1.94,16248.78,10150.0,177.33,12.67,0.7778,0.0092,0.0907
40,euw1,EMERALD,19,7,3.3,8428.47,7254.05,20.95,60.79,0.3684,0.0173,0.0474
40,euw1,GOLD,1,0,3.4,5018.0,8903.0,22.0,89.0,0.0,0.0009,0.0151
40,euw1,PLATINUM,11,8,5.47,6628.0,8107.82,26.36,71.36,0.7273,0.0096,0.0279
40,na1,DIAMOND,12,7,6.85,7061.75,7050.58,23.17,47.5,0.5833,0.0104,0.0348
40,na1,EMERALD,2,1,0.29,5497.5,5712.5,30.5,34.0,0.5,0.002,0.0326
41,euw1,GOLD,1,0,0.5,10370.0,10100.0,199.0,10.0,0.0,0.0009,0.0089
41,euw1,PLATINUM,1,1,3.2,29338.0,16018.0,252.0,31.0,1.0,0.0009,0.0044
42,euw1,DIAMOND,2,0,1.34,26605.5,13848.5,227.5,15.0,0.0,0.0023,0.0891
42,euw1,EMERALD,20,15,2.67,25922.8,11634.1,204.45,14.15,0.75,0.0182,0.1031
42,euw1,GOLD,4,1,1.99,21961.0,10291.25,159.0,15.0,0.25,0.0036,0.0204
42,na1,DIAMOND,7,5,4.34,26321.43,12665.14,213.43,14.29,0.7143,0.0061,0.0331
42,na1,EMERALD,1,0,0.57,21203.0,9252.0,197.0,11.0,0.0,0.001,0.0377
43,euw1,DIAMOND,6,3,3.53,11586.33,9178.17,124.0,37.67,0.5,0.007,0.0363
43,euw1,EMERALD,9,6,5.13,13203.44,7765.89,69.44,45.22,0.6667,0.0082,0.0392
43,euw1,GOLD,1,0,1.38,19880.0,11929.0,52.0,160.0,0.0,0.0009,0.0337
43,euw1,PLATINUM,3,1,5.44,17330.67,9636.0,49.67,67.0,0.3333,0.0026,0.0445
43,kr,GOLD,8,3,2.44,17109.0,8261.0,41.0,72.38,0.375,0.0667,0.1333
43,na1,DIAMOND,11,5,3.62,10426.73,6886.55,29.0,52.18,0.4545,0.0096,0.0444
44,euw1,PLATINUM,22,17,4.29,6235.09,7637.73,29.41,53.55,0.7727,0.0192,0.0044
44,na1,DIAMOND,25,16,6.99,8416.16,8367.0,35.28,70.44,0.64,0.0218,0.0009
45,euw1,PLATINUM,3,2,2.66,17933.67,11639.0,158.67,32.0,0.6667,0.0026,0.0148
45,na1,DIAMOND,3,2,3.47,22071.33,11307.33,199.33,14.67,0.6667,0.0026,0.0052
45,na1,EMERALD,13,10,5.52,22757.85,12552.85,212.0,17.15,0.7692,0.0133,0.0041
48,euw1,DIAMOND,1,0,0.3,11403.0,9310.0,184.0,21.0,0.0,0.0012,0.0012
48,euw1,GOLD,1,0,2.67,38870.0,15731.0,211.0,17.0,0.0,0.0009,0.0275
48,euw1,PLATINUM,2,2,3.75,23964.0,12398.5,195.0,13.5,1.0,0.0017,0.0166
48,na1,DIAMOND,3,2,3.72,18389.67,13969.33,231.33,31.33,0.6667,0.0026,0.0052
50,euw1,EMERALD,4,2,1.68,23866.25,11444.5,208.25,15.5,0.5,0.0036,0.0128
50,euw1,PLATINUM,5,2,2.38,25124.2,10218.0,82.0,57.8,0.4,0.0044,0.0236
50,kr,GOLD,2,1,1.09,19765.0,8970.5,179.5,12.0,0.5,0.0167,0.0167
50,na1,EMERALD,13,9,6.26,20748.46,10504.69,173.31,19.38,0.6923,0.0133,0.0224
51,euw1,DIAMOND,1,1,2.33,25181.0,11209.0,191.0,9.0,1.0,0.0012,0.0985
51,euw1,EMERALD,9,5,2.17,23290.33,13012.22,219.22,15.78,0.5556,0.0082,0.1907
51,euw1,GOLD,5,4,3.95,32028.0,14200.6,212.8,17.8,0.8,0.0044,0.2869
51,euw1,PLATINUM,9,4,1.94,27861.0,12199.11,200.56,19.44,0.4444,0.0079,0.2827
51,kr,GOLD,4,1,2.56,23338.25,12494.0,236.0,21.75,0.25,0.0333,0.0417
51,na1,DIAMOND,3,1,2.89,22437.67,13300.67,256.67,13.0,0.3333,0.0026,0.1123
51,na1,EMERALD,17,11,2.65,24356.59,11432.94,178.24,14.35,0.6471,0.0173,0.1509
53,euw1,DIAMOND,5,3,2.31,8631.2,7870.0,27.0,73.0,0.6,0.0059,0.0821
53,euw1,GOLD,1,0,0.6,4782.0,3665.0,45.0,7.0,0.0,0.0009,0.1234
53,euw1,PLATINUM,10,5,5.29,9947.8,8370.7,33.6,70.4,0.5,0.0087,0.1143
53,kr,GOLD,2,2,13.0,10311.0,8696.5,24.0,84.5,1.0,0.0167,0.425
53,na1,DIAMOND,2,1,2.17,7908.0,7574.0,25.0,67.0,0.5,0.0017,0.121
53,na1,EMERALD,2,1,2.5,7673.5,6184.5,21.5,46.5,0.5,0.002,0.2304
54,euw1,DIAMOND,5,3,6.57,22589.6,12405.6,210.6,18.0,0.6,0.0059,0.1067
54,euw1,EMERALD,3,2,3.98,24799.0,12849.67,235.67,17.33,0.6667,0.0027,0.0995
54,euw1,GOLD,8,4,3.61,23110.75,9840.38,150.38,18.25,0.5,0.0071,0.0915
54,euw1,PLATINUM,3,1,4.07,20934.33,9131.67,155.67,11.33,0.3333,0.0026,0.1134
54,kr,GOLD,5,2,5.9,22562.6,10456.6,183.0,12.4,0.4,0.0417,0.0583
54,na1,DIAMOND,1,0,1.75,12304.0,9726.0,212.0,22.0,0.0,0.0009,0.0766
54,na1,EMERALD,8,6,7.33,16844.75,10453.13,160.25,13.25,0.75,0.0082,0.1131
55,euw1,DIAMOND,50,28,2.84,23594.34,12036.44,184.38,18.62,0.56,0.0586,0.0657
55,euw1,EMERALD,4,0,1.25,20928.25,11514.75,186.75,14.25,0.0,0.0036,0.0684
55,euw1,GOLD,2,2,3.36,35736.0,13738.0,152.0,16.0,1.0,0.0018,0.0853
55,euw1,PLATINUM,4,1,2.81,23334.75,11783.5,170.0,17.75,0.25,0.0035,0.1047
55,na1,DIAMOND,2,1,1.42,19947.5,9876.0,165.0,15.5,0.5,0.0017,0.0279
55,na1,EMERALD,11,7,3.41,23667.73,11092.82,167.27,14.91,0.6364,0.0112,0.0234
56,euw1,DIAMOND,11,6,5.35,19537.64,12652.64,193.27,18.0,0.5455,0.0129,0.061
56,euw1,EMERALD,2,0,1.17,10187.5,8064.5,146.5,18.0,0.0,0.0018,0.1505
56,euw1,GOLD,43,23,4.13,18992.88,11983.65,181.37,16.81,0.5349,0.0382,0.2673
56,euw1,PLATINUM,6,5,4.88,16344.17,11503.0,185.17,22.17,0.8333,0.0052,0.1885
56,na1,DIAMOND,3,1,3.34,25300.0,13257.67,219.33,26.33,0.3333,0.0026,0.0461
56,na1,EMERALD,1,0,2.6,33473.0,18347.0,244.0,34.0,0.0,0.001,0.0805
57,euw1,EMERALD,2,0,0.79,23059.0,10243.5,187.5,25.0,0.0,0.0018,0.0119
57,euw1,GOLD,1,0,1.86,14340.0,8020.0,55.0,52.0,0.0,0.0009,0.008
57,euw1,PLATINUM,2,1,2.38,9943.0,5792.0,102.5,14.0,0.5,0.0017,0.0079
57,na1,EMERALD,1,0,1.29,31423.0,11102.0,153.0,10.0,0.0,0.001,0.0071
58,euw1,DIAMOND,2,1,2.08,27731.5,15056.5,257.5,27.0,0.5,0.0023,0.0914
58,euw1,EMERALD,2,1,1.86,24655.0,14666.0,245.0,24.5,0.5,0.0018,0.0547
58,euw1,GOLD,4,2,1.9,23816.75,12396.0,211.0,20.75,0.5,0.0036,0.0355
58,euw1,PLATINUM,7,1,1.77,19715.57,12020.29,204.57,19.86,0.1429,0.0061,0.0419
58,na1,DIAMOND,12,7,2.41,14576.42,9446.75,168.08,10.17,0.5833,0.0104,0.0635
58,na1,EMERALD,15,10,2.63,22936.67,11597.2,192.53,18.07,0.6667,0.0153,0.0693
59,euw1,DIAMOND,8,5,8.96,17507.75,11028.0,172.63,15.13,0.625,0.0094,0.0492
59,euw1,EMERALD,15,13,12.11,20959.73,13179.73,183.73,22.8,0.8667,0.0137,0.0429
59,euw1,GOLD,4,1,2.87,24763.25,12978.5,152.5,22.5,0.25,0.0036,0.032
59,euw1,PLATINUM,6,3,4.08,18295.67,12637.5,164.83,25.17,0.5,0.0052,0.0585
59,kr,GOLD,3,1,3.22,15576.0,11926.33,182.67,22.33,0.3333,0.025,0.0
59,na1,DIAMOND,16,10,4.97,16489.81,11328.13,176.5,25.31,0.625,0.0139,0.0279
60,euw1,EMERALD,1,1,8.0,26613.0,12183.0,151.0,37.0,1.0,0.0009,0.052
60,euw1,GOLD,7,2,1.53,13683.29,9055.57,126.86,16.57,0.2857,0.0062,0.0124
60,kr,GOLD,1,0,2.33,17333.0,13180.0,143.0,36.0,0.0,0.0083,0.0583
60,na1,DIAMOND,5,3,4.53,22880.6,12225.6,166.4,35.2,0.6,0.0044,0.0601
61,euw1,DIAMOND,7,4,2.16,22052.43,11200.57,199.29,23.57,0.5714,0.0082,0.0199
61,euw1,GOLD,21,14,4.6,26990.43,12500.52,180.24,18.57,0.6667,0.0187,0.0133
61,euw1,PLATINUM,13,7,3.52,21836.54,11724.62,200.77,17.08,0.5385,0.0113,0.0061
61,na1,DIAMOND,8,3,3.61,21614.25,10484.13,190.88,11.75,0.375,0.007,0.0044
61,na1,EMERALD,2,1,2.9,33843.0,14044.5,168.0,19.0,0.5,0.002,0.0143
62,euw1,DIAMOND,1,0,1.0,19224.0,10180.0,146.0,32.0,0.0,0.0012,0.0469
62,euw1,EMERALD,3,2,3.41,24064.67,13191.67,184.33,25.0,0.6667,0.0027,0.1314
62,euw1,GOLD,5,2,2.28,35990.2,16584.4,225.8,21.4,0.4,0.0044,0.0391
62,euw1,PLATINUM,2,0,3.04,14085.0,11010.5,162.0,14.5,0.0,0.0017,0.0646
62,na1,DIAMOND,2,1,1.44,19699.5,10660.0,151.5,16.5,0.5,0.0017,0.0444
62,na1,EMERALD,4,1,2.0,18738.5,11198.0,163.25,17.75,0.25,0.0041,0.0387
63,euw1,DIAMOND,5,2,2.54,34201.2,12381.8,208.4,22.6,0.4,0.0059,0.0047
63,euw1,EMERALD,1,0,2.2,15620.0,10582.0,189.0,24.0,0.0,0.0009,0.0091
63,euw1,GOLD,2,0,1.43,23318.5,10117.5,59.5,67.5,0.0,0.0018,0.0719
63,euw1,PLATINUM,9,4,2.48,21061.33,9188.89,69.67,60.0,0.4444,0.0079,0.0271
63,na1,DIAMOND,1,0,2.4,39337.0,14596.0,271.0,28.0,0.0,0.0009,0.007
63,na1,EMERALD,1,0,2.8,30818.0,10902.0,183.0,10.0,0.0,0.001,0.0173
64,euw1,DIAMOND,1,1,2.67,10390.0,9483.0,170.0,38.0,1.0,0.0012,0.0223
64,euw1,EMERALD,8,3,2.97,27197.88,13877.5,197.13,23.0,0.375,0.0073,0.0219
64,euw1,GOLD,19,11,4.9,22383.63,12174.89,155.26,21.63,0.5789,0.0169,0.0213
64,euw1,PLATINUM,10,6,4.94,19230.4,12376.6,171.5,18.1,0.6,0.0087,0.0236
64,na1,DIAMOND,3,1,5.99,21033.67,12144.0,176.0,26.67,0.3333,0.0026,0.0357
64,na1,EMERALD,25,16,4.78,19506.2,12645.8,181.6,24.92,0.64,0.0255,0.0357
67,euw1,DIAMOND,1,0,0.82,18573.0,10471.0,151.0,15.0,0.0,0.0012,0.0363
67,euw1,EMERALD,4,1,3.08,34128.0,13783.25,202.75,15.5,0.25,0.0036,0.0511
67,euw1,GOLD,5,1,1.33,27120.8,12884.8,198.0,18.4,0.2,0.0044,0.0826
68,euw1,DIAMOND,2,0,1.33,15242.5,9471.0,192.0,11.5,0.0,0.0023,0.0059
68,euw1,GOLD,1,0,0.82,28714.0,12954.0,216.0,21.0,0.0,0.0009,0.0027
68,euw1,PLATINUM,5,1,3.24,17543.4,7990.4,132.4,13.2,0.2,0.0044,0.0017
68,na1,DIAMOND,6,3,3.73,35005.5,14242.5,206.67,27.83,0.5,0.0052,0.0104
68,na1,EMERALD,4,3,3.21,17618.75,10074.75,169.75,9.5,0.75,0.0041,0.0082
69,euw1,DIAMOND,1,0,2.0,21574.0,11946.0,230.0,15.0,0.0,0.0012,0.0469
69,euw1,EMERALD,46,27,4.36,23686.59,12256.52,212.61,20.02,0.587,0.042,0.0401
69,euw1,GOLD,1,1,15.0,29850.0,13326.0,209.0,19.0,1.0,0.0009,0.0293
69,na1,DIAMOND,6,4,2.02,25751.33,12583.33,195.33,15.67,0.6667,0.0052,0.0122
69,na1,EMERALD,1,1,1.5,12161.0,10298.0,214.0,12.0,1.0,0.001,0.0255
72,euw1,EMERALD,8,4,3.42,13577.88,8879.88,119.38,16.38,0.5,0.0073,0.1378
72,euw1,GOLD,2,0,1.45,17317.5,9419.5,136.0,24.5,0.0,0.0018,0.0453
72,euw1,PLATINUM,6,5,4.33,12165.0,10001.0,150.5,19.17,0.8333,0.0052,0.0454
72,na1,DIAMOND,4,1,2.94,13199.5,8811.0,147.75,12.25,0.25,0.0035,0.0104
72,na1,EMERALD,2,2,2.67,15996.0,8513.0,151.0,9.5,1.0,0.002,0.0601
74,euw1,GOLD,1,1,3.0,66727.0,17390.0,233.0,23.0,1.0,0.0009,0.0169
75,euw1,DIAMOND,1,1,1.6,25836.0,12488.0,210.0,16.0,1.0,0.0012,0.0082
75,euw1,EMERALD,3,3,3.72,16153.0,11659.33,193.0,15.0,1.0,0.0027,0.0274
75,euw1,GOLD,2,2,0.78,19651.5,11085.5,212.0,8.0,1.0,0.0018,0.048
75,euw1,PLATINUM,1,0,0.2,15991.0,9545.0,214.0,6.0,0.0,0.0009,0.0358
75,na1,DIAMOND,1,0,0.2,24490.0,10957.0,234.0,14.0,0.0,0.0009,0.0226
75,na1,EMERALD,6,2,4.0,23919.5,13613.83,221.17,17.17,0.3333,0.0061,0.0601
76,euw1,DIAMOND,4,1,2.53,11715.75,8260.25,30.25,57.75,0.25,0.0047,0.0117
76,euw1,EMERALD,2,1,1.83,15255.0,10816.0,160.5,22.0,0.5,0.0018,0.0027
76,euw1,GOLD,1,1,1.22,17684.0,12849.0,195.0,36.0,1.0,0.0009,0.0
76,na1,DIAMOND,1,1,3.0,33141.0,12428.0,205.0,45.0,1.0,0.0009,0.0087
77,euw1,GOLD,1,0,1.5,14446.0,11000.0,184.0,16.0,0.0,0.0009,0.0258
77,euw1,PLATINUM,2,1,1.61,31771.0,15037.0,223.0,25.0,0.5,0.0017,0.0297
77,na1,EMERALD,12,8,3.46,19322.75,12623.08,218.83,18.92,0.6667,0.0122,0.0877
78,euw1,DIAMOND,5,2,4.97,15037.8,9861.6,146.8,32.0,0.4,0.0059,0.0739
78,euw1,EMERALD,3,1,2.74,20137.67,12250.67,145.0,52.0,0.3333,0.0027,0.0666
78,euw1,PLATINUM,2,1,4.75,19955.0,11392.0,106.0,39.0,0.5,0.0017,0.0462
78,na1,DIAMOND,20,11,2.85,26102.2,10992.25,155.25,14.0,0.55,0.0174,0.0844
78,na1,EMERALD,28,15,2.5,25822.54,10406.29,153.82,14.79,0.5357,0.0285,0.0714
79,euw1,DIAMOND,10,7,3.06,20127.3,10618.3,176.3,19.1,0.7,0.0117,0.0152
79,euw1,EMERALD,3,2,8.41,27540.0,13776.0,214.0,15.67,0.6667,0.0027,0.0228
79,euw1,GOLD,34,17,3.87,18541.79,10705.26,189.74,15.09,0.5,0.0302,0.0071
79,euw1,PLATINUM,9,3,3.92,27436.44,12926.78,193.56,20.67,0.3333,0.0079,0.0253
79,kr,GOLD,1,1,2.67,21765.0,13834.0,274.0,29.0,1.0,0.0083,0.0083
79,na1,DIAMOND,18,11,3.25,18338.5,9991.89,169.94,13.5,0.6111,0.0157,0.0148
79,na1,EMERALD,19,15,6.03,22400.95,10851.58,176.74,17.79,0.7895,0.0194,0.052
80,euw1,DIAMOND,26,8,3.15,19599.23,10578.73,170.31,23.04,0.3077,0.0305,0.0598
80,euw1,EMERALD,3,1,2.62,23158.33,12951.33,189.33,25.0,0.3333,0.0027,0.0465
80,euw1,GOLD,79,42,4.13,26411.08,12166.06,123.23,37.05,0.5316,0.0702,0.0293
80,euw1,PLATINUM,5,0,1.7,25096.2,11460.8,160.2,19.8,0.0,0.0044,0.0567
80,kr,GOLD,11,5,2.35,25651.73,11669.45,139.0,43.82,0.4545,0.0917,0.075
80,na1,DIAMOND,3,1,3.24,26215.33,13334.33,196.67,26.0,0.3333,0.0026,0.0775
80,na1,EMERALD,4,2,3.34,21652.0,10428.25,160.5,17.25,0.5,0.0041,0.0428
81,euw1,DIAMOND,19,11,2.76,24595.84,12086.05,198.32,14.16,0.5789,0.0223,0.0586
81,euw1,EMERALD,5,1,1.55,31904.2,13094.8,221.0,16.0,0.2,0.0046,0.0538
81,euw1,GOLD,20,7,2.98,25651.8,11533.3,198.35,17.1,0.35,0.0178,0.0542
81,euw1,PLATINUM,7,2,2.81,33261.57,13326.0,227.57,20.43,0.2857,0.0061,0.0759
81,na1,DIAMOND,16,10,3.87,29831.31,12629.25,212.44,13.38,0.625,0.0139,0.0496
81,na1,EMERALD,8,1,2.44,26934.88,11347.0,174.25,14.88,0.125,0.0082,0.0591
82,euw1,DIAMOND,1,0,0.86,20412.0,10226.0,208.0,12.0,0.0,0.0012,0.0129
82,euw1,EMERALD,3,1,0.96,10831.0,5843.67,112.0,8.33,0.3333,0.0027,0.0411
82,euw1,GOLD,16,9,3.37,29585.25,12889.56,198.38,17.13,0.5625,0.0142,0.1155
82,euw1,PLATINUM,8,5,2.69,31691.0,12229.63,189.0,17.13,0.625,0.007,0.0785
82,na1,EMERALD,1,0,5.25,61194.0,18283.0,272.0,40.0,0.0,0.001,0.0377
83,euw1,DIAMOND,5,2,2.47,19513.8,10628.6,183.0,14.6,0.4,0.0059,0.0633
83,euw1,EMERALD,18,8,3.6,21607.22,11411.39,196.5,20.5,0.4444,0.0164,0.0703
83,euw1,PLATINUM,6,5,2.48,28482.83,14008.67,220.67,14.83,0.8333,0.0052,0.1379
83,na1,DIAMOND,1,0,0.57,8924.0,8054.0,125.0,6.0,0.0,0.0009,0.1427
83,na1,EMERALD,4,3,1.6,20302.75,10517.25,176.75,13.25,0.75,0.0041,0.1274
84,euw1,EMERALD,15,6,2.86,26654.67,11253.6,161.13,15.93,0.4,0.0137,0.1159
84,euw1,GOLD,4,2,2.7,29078.75,14113.75,207.0,18.25,0.5,0.0036,0.1128
84,euw1,PLATINUM,5,1,1.59,14628.2,9046.2,155.8,9.8,0.2,0.0044,0.0777
84,na1,DIAMOND,5,3,3.87,17520.0,9550.2,177.2,13.2,0.6,0.0044,0.114
84,na1,EMERALD,13,7,3.93,20255.85,10228.77,175.85,23.31,0.5385,0.0133,0.0989
85,euw1,DIAMOND,1,1,1.33,18273.0,8205.0,212.0,22.0,1.0,0.0012,0.0152
85,euw1,EMERALD,1,0,6.0,38232.0,12245.0,167.0,32.0,0.0,0.0009,0.0274
85,kr,GOLD,1,0,1.17,22217.0,9656.0,168.0,9.0,0.0,0.0083,0.0167
85,na1,DIAMOND,4,2,1.26,28881.75,12119.5,195.0,20.0,0.5,0.0035,0.0174
85,na1,EMERALD,2,2,5.08,34449.5,14617.0,234.5,16.0,1.0,0.002,0.0173
86,euw1,DIAMOND,7,4,2.57,22899.29,12684.86,236.43,24.29,0.5714,0.0082,0.0281
86,euw1,EMERALD,3,2,2.09,18018.0,12476.33,214.67,14.67,0.6667,0.0027,0.0721
86,euw1,GOLD,5,2,2.6,15764.2,9838.2,163.2,9.6,0.4,0.0044,0.1377
86,euw1,PLATINUM,3,2,8.17,34465.67,18287.0,297.0,23.67,0.6667,0.0026,0.1222
86,kr,GOLD,5,3,2.51,18972.8,11920.4,228.4,13.4,0.6,0.0417,0.0167
86,na1,DIAMOND,1,1,19.0,23564.0,15107.0,228.0,23.0,1.0,0.0009,0.0383
86,na1,EMERALD,12,5,2.29,21203.25,10769.83,178.75,15.83,0.4167,0.0122,0.0683
89,euw1,DIAMOND,5,4,4.71,9099.0,7209.0,23.0,46.8,0.8,0.0059,0.0293
89,euw1,EMERALD,1,0,1.57,8317.0,6560.0,21.0,50.0,0.0,0.0009,0.0502
89,euw1,PLATINUM,9,2,3.31,9577.11,7472.44,30.44,55.0,0.2222,0.0079,0.0419
89,na1,DIAMOND,1,0,2.7,17507.0,11641.0,26.0,75.0,0.0,0.0009,0.0322
89,na1,EMERALD,4,3,4.46,7236.0,7062.5,24.5,41.0,0.75,0.0041,0.0591
90,euw1,EMERALD,1,0,2.0,29655.0,11983.0,194.0,15.0,0.0,0.0009,0.0356
90,euw1,GOLD,5,1,2.33,26961.8,12891.8,187.0,17.0,0.2,0.0044,0.1616
90,euw1,PLATINUM,10,7,2.65,22541.0,12235.5,223.6,14.1,0.7,0.0087,0.0969
90,na1,DIAMOND,1,1,2.57,28404.0,12849.0,215.0,17.0,1.0,0.0009,0.0191
91,euw1,DIAMOND,5,2,3.32,20897.4,12801.0,225.8,25.2,0.4,0.0059,0.2696
91,euw1,EMERALD,7,2,3.46,29519.86,15045.71,237.43,20.14,0.2857,0.0064,0.0785
91,euw1,GOLD,6,1,1.67,27710.17,12355.33,179.5,15.33,0.1667,0.0053,0.0142
91,euw1,PLATINUM,2,2,9.75,19976.0,11447.5,176.0,15.0,1.0,0.0017,0.0305
91,na1,DIAMOND,3,2,3.31,24749.67,12825.67,179.67,16.33,0.6667,0.0026,0.1958
91,na1,EMERALD,2,0,0.69,11005.0,8612.5,150.5,13.0,0.0,0.002,0.0398
92,euw1,DIAMOND,3,1,0.91,14534.0,10369.0,193.67,16.0,0.3333,0.0035,0.095
92,euw1,EMERALD,11,9,4.04,20797.18,12657.0,210.18,12.18,0.8182,0.01,0.0566
92,euw1,GOLD,2,0,1.25,17770.5,10218.5,176.0,15.5,0.0,0.0018,0.0151
92,euw1,PLATINUM,1,1,2.4,23929.0,10902.0,191.0,15.0,1.0,0.0009,0.0218
92,kr,GOLD,2,1,0.83,22427.5,12005.0,211.5,18.5,0.5,0.0167,0.025
92,na1,DIAMOND,1,0,0.71,12637.0,10251.0,175.0,27.0,0.0,0.0009,0.0757
92,na1,EMERALD,4,3,3.9,25337.0,13241.5,193.75,11.0,0.75,0.0041,0.0469
96,euw1,EMERALD,4,1,2.12,27983.25,14088.0,249.75,15.5,0.25,0.0036,0.0109
96,euw1,GOLD,2,1,1.28,35827.0,13428.0,208.0,13.5,0.5,0.0018,0.0124
96,euw1,PLATINUM,2,2,2.33,18233.5,7149.0,111.0,13.5,1.0,0.0017,0.0148
96,na1,DIAMOND,1,0,2.67,52286.0,15037.0,235.0,32.0,0.0,0.0009,0.0061
98,euw1,EMERALD,51,23,2.81,18693.0,9880.1,161.12,15.73,0.451,0.0465,0.0265
98,euw1,GOLD,4,3,6.38,12542.5,9534.25,153.0,12.5,0.75,0.0036,0.0195
98,euw1,PLATINUM,3,2,3.93,29724.67,14928.33,207.0,28.33,0.6667,0.0026,0.0209
98,kr,GOLD,1,1,3.67,21021.0,10804.0,175.0,20.0,1.0,0.0083,0.0167
98,na1,DIAMOND,5,1,3.16,25346.0,11899.6,176.0,11.6,0.2,0.0044,0.0618
98,na1,EMERALD,7,4,5.38,20267.43,9933.86,153.0,11.71,0.5714,0.0071,0.0275
99,euw1,DIAMOND,2,0,1.34,16442.0,10326.0,125.0,34.5,0.0,0.0023,0.0
99,euw1,EMERALD,5,1,3.07,24770.4,11342.6,164.2,30.8,0.2,0.0046,0.0201
99,euw1,GOLD,14,5,4.45,30289.0,13609.86,188.21,29.36,0.3571,0.0124,0.0648
99,euw1,PLATINUM,7,3,3.74,33860.14,13014.57,160.86,42.0,0.4286,0.0061,0.0297
99,na1,DIAMOND,14,7,2.7,17242.64,11020.43,203.29,12.21,0.5,0.0122,0.0113
99,na1,EMERALD,6,3,2.8,25329.67,11173.17,144.33,38.17,0.5,0.0061,0.106
101,euw1,EMERALD,4,3,11.08,34773.75,15728.25,265.5,23.25,0.75,0.0036,0.0182
101,euw1,GOLD,2,0,2.13,8091.0,7049.5,140.0,7.5,0.0,0.0018,0.0497
101,euw1,PLATINUM,3,1,2.95,34209.67,13620.67,178.0,38.0,0.3333,0.0026,0.0419
101,kr,GOLD,5,3,3.05,32929.2,12031.4,109.4,45.4,0.6,0.0417,0.175
101,na1,EMERALD,11,8,4.59,29465.73,12091.18,145.18,40.45,0.7273,0.0112,0.0255
102,euw1,DIAMOND,11,8,5.24,22508.45,12923.55,240.73,23.18,0.7273,0.0129,0.0012
102,na1,DIAMOND,2,2,5.0,27739.5,15982.0,251.0,20.0,1.0,0.0017,0.0035
103,euw1,DIAMOND,1,1,3.5,22309.0,11066.0,204.0,13.0,1.0,0.0012,0.0434
103,euw1,EMERALD,30,18,4.4,27801.3,13222.93,218.8,22.07,0.6,0.0274,0.0374
103,euw1,GOLD,13,8,3.92,22030.23,11575.08,169.92,18.77,0.6154,0.0115,0.0533
103,euw1,PLATINUM,17,8,3.54,23305.47,12186.88,205.76,26.18,0.4706,0.0148,0.0602
103,na1,DIAMOND,22,12,3.72,21033.27,11531.0,211.18,17.05,0.5455,0.0191,0.0357
103,na1,EMERALD,59,36,4.57,21868.17,12224.14,196.63,24.2,0.6102,0.0601,0.0591
104,euw1,EMERALD,5,1,2.55,17929.6,10062.4,177.2,17.2,0.2,0.0046,0.0255
104,euw1,GOLD,2,0,2.2,46871.5,17746.5,205.5,27.5,0.0,0.0018,0.0071
104,euw1,PLATINUM,3,1,5.13,22223.33,13638.67,193.0,22.0,0.3333,0.0026,0.0192
104,na1,DIAMOND,6,2,2.08,21631.67,12663.17,191.17,26.33,0.3333,0.0052,0.0531
104,na1,EMERALD,6,3,3.38,22394.5,13380.83,209.33,31.83,0.5,0.0061,0.0866
105,euw1,EMERALD,1,0,1.2,30321.0,13842.0,230.0,22.0,0.0,0.0009,0.0465
105,euw1,GOLD,5,3,3.4,23908.6,13901.6,166.6,16.2,0.6,0.0044,0.0764
105,euw1,PLATINUM,1,0,,720.0,2007.0,44.0,0.0,0.0,0.0009,0.0768
105,kr,GOLD,1,0,2.56,47000.0,20274.0,244.0,30.0,0.0,0.0083,0.0167
106,euw1,DIAMOND,6,2,1.89,17645.0,10211.33,160.67,15.33,0.3333,0.007,0.027
106,euw1,GOLD,13,9,2.77,21376.0,11473.15,166.31,13.85,0.6923,0.0115,0.0888
106,euw1,PLATINUM,7,3,2.34,15960.86,11114.0,182.71,19.57,0.4286,0.0061,0.062
106,na1,DIAMOND,20,10,4.41,18595.0,11243.95,175.2,23.05,0.5,0.0174,0.0453
106,na1,EMERALD,31,19,2.64,24506.61,12619.03,206.03,17.65,0.6129,0.0316,0.0714
107,euw1,EMERALD,3,3,3.87,20450.33,13690.33,200.0,22.0,1.0,0.0027,0.0858
107,na1,DIAMOND,11,4,3.14,16703.0,11769.18,180.55,20.0,0.3636,0.0096,0.0609
110,euw1,DIAMOND,18,9,2.61,23189.56,11833.89,190.28,15.06,0.5,0.0211,0.0188
110,euw1,EMERALD,10,5,2.2,22660.2,12686.1,211.1,13.5,0.5,0.0091,0.0128
110,euw1,GOLD,9,4,2.36,18626.89,11166.11,185.56,16.78,0.4444,0.008,0.0142
110,euw1,PLATINUM,5,4,4.13,25968.6,12676.0,183.8,15.2,0.8,0.0044,0.0079
110,kr,GOLD,2,1,1.3,23098.0,13822.0,268.5,19.5,0.5,0.0167,0.0083
110,na1,DIAMOND,13,7,2.93,25908.69,12765.46,193.62,19.15,0.5385,0.0113,0.0287
110,na1,EMERALD,3,2,2.2,17931.67,9400.67,141.33,13.33,0.6667,0.0031,0.0061
111,euw1,DIAMOND,5,2,1.86,11273.6,7842.0,26.8,57.0,0.4,0.0059,0.0914
111,euw1,EMERALD,2,1,2.63,8854.0,8534.0,35.0,68.0,0.5,0.0018,0.1186
111,euw1,GOLD,8,5,3.92,9688.0,8319.38,30.13,56.5,0.625,0.0071,0.1146
111,euw1,PLATINUM,4,3,5.56,10601.75,8193.75,25.0,67.25,0.75,0.0035,0.1161
111,kr,GOLD,2,1,3.54,12423.0,9525.5,33.0,98.5,0.5,0.0167,0.2333
111,na1,DIAMOND,6,5,3.3,7311.5,7841.67,28.83,71.17,0.8333,0.0052,0.0862
111,na1,EMERALD,3,3,6.74,12636.67,9645.67,26.67,57.0,1.0,0.0031,0.0958
112,euw1,DIAMOND,2,1,20.0,24640.0,7292.5,111.5,8.5,0.5,0.0023,0.0797
112,euw1,EMERALD,8,4,2.31,26319.38,11443.5,205.75,15.88,0.5,0.0073,0.1359
112,euw1,GOLD,7,5,3.36,32158.0,13858.0,234.57,24.43,0.7143,0.0062,0.0675
112,euw1,PLATINUM,4,1,2.69,38485.5,14033.0,226.25,21.5,0.25,0.0035,0.0942
112,kr,GOLD,1,0,0.75,14059.0,7205.0,141.0,4.0,0.0,0.0083,0.075
112,na1,DIAMOND,11,3,3.53,19613.27,10762.73,212.64,14.09,0.2727,0.0096,0.0383
112,na1,EMERALD,9,3,3.47,35118.56,12889.11,225.67,13.67,0.3333,0.0092,0.0897
113,euw1,DIAMOND,1,1,4.0,15297.0,11671.0,199.0,16.0,1.0,0.0012,0.0
113,euw1,EMERALD,1,0,8.0,15678.0,10948.0,155.0,20.0,0.0,0.0009,0.0027
113,euw1,GOLD,2,0,2.05,19609.0,9983.0,173.0,29.5,0.0,0.0018,0.0027
113,euw1,PLATINUM,4,2,6.17,15918.75,9033.5,79.0,47.75,0.5,0.0035,0.0017
113,na1,DIAMOND,3,1,2.22,17109.33,10568.0,159.33,18.33,0.3333,0.0026,0.0
114,euw1,DIAMOND,1,0,0.17,3091.0,4301.0,93.0,5.0,0.0,0.0012,0.1196
114,euw1,EMERALD,1,0,2.83,36323.0,18752.0,275.0,25.0,0.0,0.0009,0.1359
114,euw1,GOLD,1,1,2.5,15660.0,10454.0,148.0,10.0,1.0,0.0009,0.0515
114,kr,GOLD,1,0,0.42,16676.0,11707.0,221.0,23.0,0.0,0.0083,0.075
114,na1,EMERALD,2,1,5.83,12419.5,11589.0,195.5,13.5,0.5,0.002,0.0948
115,euw1,PLATINUM,2,2,8.33,23715.0,9482.5,158.5,11.0,1.0,0.0017,0.0052
115,na1,EMERALD,41,23,3.04,29325.24,12301.17,194.22,14.34,0.561,0.0418,0.0133
117,euw1,DIAMOND,8,1,2.21,6728.13,6899.88,22.88,59.13,0.125,0.0094,0.2016
117,euw1,EMERALD,10,5,4.5,9683.8,8509.5,27.5,69.7,0.5,0.0091,0.3312
117,euw1,GOLD,1,0,2.0,3546.0,2020.0,22.0,1.0,0.0,0.0009,0.1954
117,euw1,PLATINUM,6,3,4.64,6899.5,8771.67,32.83,79.17,0.5,0.0052,0.2714
117,na1,DIAMOND,3,1,2.23,8211.33,8049.67,34.67,76.0,0.3333,0.0026,0.1889
117,na1,EMERALD,4,0,2.55,6960.0,7073.75,32.5,53.75,0.0,0.0041,0.2314
119,euw1,PLATINUM,23,15,3.31,27480.61,14429.65,192.96,17.13,0.6522,0.0201,0.2792
119,na1,DIAMOND,6,3,2.58,22992.33,14657.33,253.5,18.67,0.5,0.0052,0.3368
120,euw1,GOLD,2,0,1.01,9691.5,9092.5,156.5,14.0,0.0,0.0018,0.0187
120,euw1,PLATINUM,1,0,1.21,24241.0,13177.0,182.0,27.0,0.0,0.0009,0.0558
120,na1,DIAMOND,4,1,2.01,10912.25,10104.5,166.5,16.5,0.25,0.0035,0.094
121,euw1,DIAMOND,4,1,2.81,23348.25,12902.0,170.25,26.25,0.25,0.0047,0.041
121,euw1,EMERALD,2,2,2.52,26862.5,14509.0,189.0,19.5,1.0,0.0018,0.052
121,euw1,GOLD,12,7,3.73,23023.25,13105.0,172.33,19.92,0.5833,0.0107,0.0258
121,euw1,PLATINUM,1,1,12.0,31129.0,15001.0,198.0,20.0,1.0,0.0009,0.0567
121,na1,EMERALD,4,1,1.81,11032.25,8482.5,136.75,17.75,0.25,0.0041,0.0459
122,euw1,EMERALD,35,13,1.81,17304.97,10971.77,176.03,17.77,0.3714,0.0319,0.2126
122,euw1,GOLD,23,8,1.65,19687.13,11874.83,208.78,16.83,0.3478,0.0204,0.3171
122,euw1,PLATINUM,7,4,2.09,23509.86,12351.29,206.0,14.43,0.5714,0.0061,0.2277
122,kr,GOLD,1,1,0.7,18367.0,13441.0,221.0,12.0,1.0,0.0083,0.2333
122,na1,EMERALD,2,2,9.5,28172.5,15301.5,219.5,19.5,1.0,0.002,0.1794
126,euw1,DIAMOND,11,5,1.87,35197.0,14625.18,247.27,22.91,0.4545,0.0129,0.0469
126,euw1,EMERALD,3,2,2.78,36130.0,14064.33,223.33,17.33,0.6667,0.0027,0.0137
126,euw1,GOLD,3,2,2.13,21663.67,11820.33,193.0,16.0,0.6667,0.0027,0.0018
126,euw1,PLATINUM,7,3,2.55,11220.29,6750.71,122.0,7.43,0.4286,0.0061,0.0061
126,kr,GOLD,1,1,5.0,10385.0,7347.0,142.0,13.0,1.0,0.0083,0.0917
126,na1,DIAMOND,12,5,2.01,20621.17,10650.08,191.33,12.17,0.4167,0.0104,0.0888
126,na1,EMERALD,23,15,3.66,26613.39,12206.35,203.0,17.35,0.6522,0.0234,0.0255
127,euw1,EMERALD,5,5,3.85,29726.2,12564.8,198.4,23.6,1.0,0.0046,0.0119
127,euw1,GOLD,4,1,2.93,23076.0,12287.75,189.5,11.5,0.25,0.0036,0.0107
127,euw1,PLATINUM,7,4,6.75,31875.43,14436.29,241.14,17.43,0.5714,0.0061,0.0166
127,na1,DIAMOND,2,1,2.98,18804.5,11509.5,192.5,15.0,0.5,0.0017,0.0122
127,na1,EMERALD,3,0,1.03,12262.33,6475.33,123.33,9.67,0.0,0.0031,0.0082
131,euw1,DIAMOND,3,1,1.25,9099.0,7654.67,140.0,12.33,0.3333,0.0035,0.061
131,euw1,EMERALD,3,2,2.06,17627.33,10599.33,173.33,20.67,0.6667,0.0027,0.0566
131,euw1,GOLD,7,4,2.63,35706.86,16218.86,238.0,19.0,0.5714,0.0062,0.0844
131,euw1,PLATINUM,38,20,3.06,23588.34,13547.55,216.63,17.82,0.5263,0.0332,0.075
131,na1,DIAMOND,7,2,1.45,20043.0,9535.43,158.86,18.14,0.2857,0.0061,0.0374
131,na1,EMERALD,9,3,2.9,31374.22,15441.11,240.11,20.67,0.3333,0.0092,0.0357
133,euw1,DIAMOND,2,2,7.42,31514.0,16441.0,223.5,23.5,1.0,0.0023,0.0082
133,euw1,EMERALD,32,15,2.96,26183.53,12685.22,200.63,15.09,0.4688,0.0292,0.0109
133,euw1,PLATINUM,1,1,3.67,27101.0,10857.0,209.0,14.0,1.0,0.0009,0.0148
133,na1,EMERALD,23,13,3.24,24661.17,11842.0,164.96,17.61,0.5652,0.0234,0.0153
134,euw1,EMERALD,4,1,2.6,14262.25,8914.75,169.25,18.0,0.25,0.0036,0.0894
134,euw1,GOLD,6,2,2.47,26588.67,13188.5,231.17,18.33,0.3333,0.0053,0.0719
134,euw1,PLATINUM,20,14,6.15,26399.55,13022.55,205.35,16.4,0.7,0.0175,0.0777
134,na1,DIAMOND,23,8,3.69,23261.48,12599.39,226.39,18.52,0.3478,0.02,0.0783
136,euw1,GOLD,1,0,1.0,32760.0,12270.0,200.0,13.0,0.0,0.0009,0.0258
136,euw1,PLATINUM,3,2,6.07,18396.0,10505.0,202.67,18.33,0.6667,0.0026,0.0087
136,na1,DIAMOND,1,0,0.8,7988.0,10478.0,239.0,11.0,0.0,0.0009,0.007
136,na1,EMERALD,2,1,3.35,41590.5,16508.0,242.5,24.5,0.5,0.002,0.0153
141,euw1,DIAMOND,7,5,7.39,23701.0,13608.0,223.29,17.71,0.7143,0.0082,0.0399
141,euw1,EMERALD,3,1,2.11,21209.67,10902.67,184.67,22.67,0.3333,0.0027,0.0648
141,euw1,GOLD,49,24,3.51,21600.57,12428.16,188.22,19.73,0.4898,0.0435,0.1314
141,euw1,PLATINUM,10,6,2.23,21963.7,13042.1,201.7,17.6,0.6,0.0087,0.0698
141,na1,DIAMOND,1,1,3.75,20831.0,13108.0,221.0,30.0,1.0,0.0009,0.1305
142,euw1,EMERALD,2,2,4.06,39012.0,13543.5,120.5,49.5,1.0,0.0018,0.021
142,euw1,GOLD,7,4,4.91,24344.29,10976.0,164.0,19.57,0.5714,0.0062,0.0124
142,euw1,PLATINUM,1,0,1.86,38268.0,13909.0,218.0,27.0,0.0,0.0009,0.0166
142,kr,GOLD,1,1,0.29,9050.0,7035.0,135.0,13.0,1.0,0.0083,0.0917
142,na1,DIAMOND,6,3,7.49,20574.5,10235.67,167.33,30.5,0.5,0.0052,0.0714
143,euw1,DIAMOND,9,6,3.51,21841.11,12517.89,222.22,29.22,0.6667,0.0106,0.007
145,euw1,DIAMOND,28,10,3.88,24017.21,12596.04,207.07,14.32,0.3571,0.0328,0.0188
145,euw1,EMERALD,12,6,3.93,26545.25,13642.75,216.33,16.0,0.5,0.0109,0.0237
145,euw1,GOLD,39,21,4.08,24291.26,12519.23,198.13,16.74,0.5385,0.0346,0.0258
145,euw1,PLATINUM,16,6,3.14,25940.5,12188.13,185.63,18.63,0.375,0.014,0.0314
145,kr,GOLD,1,0,0.85,15504.0,9789.0,171.0,16.0,0.0,0.0083,0.0
145,na1,DIAMOND,10,6,1.82,20381.2,11793.2,195.6,14.6,0.6,0.0087,0.0078
145,na1,EMERALD,3,1,1.73,22866.33,12258.0,239.33,23.33,0.3333,0.0031,0.0255
147,euw1,EMERALD,10,5,5.03,13207.6,8957.6,37.8,60.4,0.5,0.0091,0.0046
147,euw1,PLATINUM,4,1,1.46,14029.75,8869.5,57.5,67.75,0.25,0.0035,0.0096
147,na1,DIAMOND,3,2,9.36,14003.33,9439.67,165.33,15.33,0.6667,0.0026,0.0044
147,na1,EMERALD,1,1,6.67,15543.0,8845.0,43.0,67.0,1.0,0.001,0.0296
150,euw1,DIAMOND,7,3,3.21,22475.14,11357.29,211.14,20.14,0.4286,0.0082,0.0094
150,euw1,EMERALD,1,0,2.0,13972.0,9302.0,172.0,14.0,0.0,0.0009,0.0073
150,euw1,GOLD,1,1,12.5,31621.0,17111.0,188.0,19.0,1.0,0.0009,0.0098
150,euw1,PLATINUM,6,6,6.23,30967.33,13980.33,193.83,14.17,1.0,0.0052,0.0262
150,na1,DIAMOND,2,0,0.97,26131.5,10896.0,178.0,10.0,0.0,0.0017,0.0035
150,na1,EMERALD,31,16,1.87,24399.52,10372.84,182.03,16.1,0.5161,0.0316,0.0102
154,euw1,EMERALD,2,0,1.85,34169.0,13901.0,204.0,18.5,0.0,0.0018,0.0246
154,euw1,GOLD,12,1,2.77,18565.33,10640.42,144.67,15.58,0.0833,0.0107,0.0169
154,euw1,PLATINUM,1,0,1.88,16818.0,9888.0,153.0,20.0,0.0,0.0009,0.0227
154,kr,GOLD,1,0,2.17,13926.0,9458.0,148.0,19.0,0.0,0.0083,0.0167
154,na1,EMERALD,1,0,2.86,23064.0,12979.0,186.0,12.0,0.0,0.001,0.0316
157,euw1,DIAMOND,42,23,3.59,25982.74,12483.5,197.86,13.31,0.5476,0.0492,0.1641
157,euw1,EMERALD,37,28,3.54,23409.32,12790.38,217.59,14.32,0.7568,0.0338,0.1515
157,euw1,GOLD,47,24,2.68,23364.17,12742.06,205.7,20.55,0.5106,0.0417,0.2202
157,euw1,PLATINUM,27,15,1.78,24971.52,12001.37,204.48,9.37,0.5556,0.0236,0.1736
157,kr,GOLD,2,2,2.03,39262.5,18489.5,302.0,25.0,1.0,0.0167,0.225
157,na1,DIAMOND,2,1,0.86,22020.0,9904.0,195.0,11.5,0.5,0.0017,0.282
157,na1,EMERALD,6,4,3.1,24342.67,12175.17,206.0,17.33,0.6667,0.0061,0.2192
161,euw1,EMERALD,31,16,4.36,27766.0,11173.68,183.77,28.68,0.5161,0.0283,0.0082
161,euw1,GOLD,1,1,4.33,42344.0,14351.0,109.0,77.0,1.0,0.0009,0.0195
161,euw1,PLATINUM,3,2,3.44,25502.33,10594.33,70.0,80.0,0.6667,0.0026,0.0122
161,na1,DIAMOND,7,5,3.7,24087.57,10155.0,31.0,73.43,0.7143,0.0061,0.0035
163,euw1,DIAMOND,36,24,3.47,32385.72,12631.56,206.61,19.56,0.6667,0.0422,0.0094
163,euw1,EMERALD,2,2,2.44,46281.0,17918.5,284.5,20.0,1.0,0.0018,0.0146
163,na1,DIAMOND,1,0,1.2,16546.0,9507.0,193.0,9.0,0.0,0.0009,0.0218
164,euw1,DIAMOND,1,1,5.75,38665.0,17393.0,319.0,40.0,1.0,0.0012,0.0293
164,euw1,EMERALD,9,8,5.01,30794.78,13784.11,200.11,18.67,0.8889,0.0082,0.0703
164,euw1,PLATINUM,1,0,1.29,26077.0,10875.0,191.0,25.0,0.0,0.0009,0.0393
164,kr,GOLD,3,2,2.56,15884.67,10774.67,86.67,64.0,0.6667,0.025,0.0083
164,na1,EMERALD,14,8,2.78,21436.29,11661.36,194.36,16.79,0.5714,0.0143,0.0459
166,euw1,DIAMOND,1,1,2.5,12537.0,8716.0,151.0,14.0,1.0,0.0012,0.1266
166,euw1,GOLD,40,24,3.36,28573.13,13939.45,206.0,21.2,0.6,0.0355,0.0231
166,euw1,PLATINUM,2,1,3.83,25803.5,14113.5,187.0,13.5,0.5,0.0017,0.0314
166,na1,EMERALD,9,5,2.1,22764.44,11143.11,161.0,15.44,0.5556,0.0092,0.0438
200,euw1,DIAMOND,1,1,2.5,18801.0,16611.0,262.0,37.0,1.0,0.0012,0.1325
200,euw1,EMERALD,16,8,5.87,23509.63,13855.13,194.44,25.13,0.5,0.0146,0.1104
200,euw1,GOLD,1,0,1.14,29615.0,17398.0,226.0,12.0,0.0,0.0009,0.032
200,euw1,PLATINUM,4,2,2.26,15745.75,14125.75,240.25,19.0,0.5,0.0035,0.0454
200,na1,EMERALD,1,0,3.0,16245.0,11094.0,153.0,16.0,0.0,0.001,0.0999
201,euw1,DIAMOND,3,2,4.69,5741.67,6833.0,28.33,57.0,0.6667,0.0035,0.1782
201,euw1,EMERALD,3,1,4.27,11252.0,9368.0,28.0,78.33,0.3333,0.0027,0.1068
201,euw1,GOLD,3,1,2.37,11967.0,10287.33,38.67,90.33,0.3333,0.0027,0.0409
201,euw1,PLATINUM,6,4,3.88,10357.17,8424.33,27.83,60.67,0.6667,0.0052,0.0497
202,euw1,DIAMOND,3,1,3.0,28211.0,14125.0,212.33,18.67,0.3333,0.0035,0.0023
202,euw1,EMERALD,8,5,3.49,27189.5,14273.13,217.38,15.0,0.625,0.0073,0.0119
202,euw1,GOLD,43,23,3.81,30052.4,14355.74,227.56,14.02,0.5349,0.0382,0.048
202,euw1,PLATINUM,14,9,5.89,23590.36,12051.64,188.93,15.64,0.6429,0.0122,0.055
202,kr,GOLD,1,0,1.13,17061.0,10447.0,220.0,18.0,0.0,0.0083,0.05
202,na1,DIAMOND,45,24,3.67,23311.64,12014.07,189.38,14.91,0.5333,0.0392,0.0052
202,na1,EMERALD,16,7,2.51,22861.56,12542.75,201.94,13.44,0.4375,0.0163,0.0398
203,euw1,EMERALD,1,0,2.5,57350.0,17922.0,220.0,31.0,0.0,0.0009,0.042
203,euw1,GOLD,1,1,6.67,69449.0,22022.0,284.0,42.0,1.0,0.0009,0.0089
203,euw1,PLATINUM,1,1,10.0,8082.0,8745.0,150.0,10.0,1.0,0.0009,0.0148
203,na1,DIAMOND,1,0,1.5,9133.0,8793.0,200.0,27.0,0.0,0.0009,0.1471
221,euw1,DIAMOND,9,3,2.42,24025.22,12679.44,213.78,15.67,0.3333,0.0106,0.0164
221,euw1,EMERALD,2,1,8.08,14254.0,10853.0,209.0,18.0,0.5,0.0018,0.0073
221,na1,DIAMOND,2,1,1.84,17709.5,12263.5,239.0,18.0,0.5,0.0017,0.0104
221,na1,EMERALD,14,8,3.02,28152.93,13934.71,239.07,19.64,0.5714,0.0143,0.0041
222,euw1,DIAMOND,4,1,2.01,22649.25,11715.25,213.75,10.25,0.25,0.0047,0.0188
222,euw1,EMERALD,12,8,4.08,30732.75,14094.17,229.83,11.67,0.6667,0.0109,0.0411
222,euw1,GOLD,5,3,2.79,27953.6,13887.0,227.0,20.2,0.6,0.0044,0.0879
222,euw1,PLATINUM,16,12,3.77,23423.38,11674.06,184.75,13.88,0.75,0.014,0.0506
222,na1,DIAMOND,14,7,2.14,17395.71,10955.0,194.0,15.86,0.5,0.0122,0.027
222,na1,EMERALD,5,2,2.37,18225.8,12826.6,234.2,19.2,0.4,0.0051,0.055
223,euw1,DIAMOND,1,0,1.31,22914.0,10200.0,48.0,84.0,0.0,0.0012,0.0059
223,euw1,EMERALD,1,0,1.3,7048.0,7303.0,29.0,78.0,0.0,0.0009,0.042
223,euw1,GOLD,14,5,2.99,22472.36,10006.29,100.79,26.14,0.3571,0.0124,0.0844
223,euw1,PLATINUM,20,13,4.02,30461.25,11322.7,157.25,13.7,0.65,0.0175,0.0812
223,na1,DIAMOND,1,0,0.29,9036.0,4707.0,85.0,13.0,0.0,0.0009,0.0087
223,na1,EMERALD,8,4,1.9,26935.88,10667.5,145.75,8.5,0.5,0.0082,0.0245
233,euw1,GOLD,1,0,0.56,19478.0,11380.0,195.0,17.0,0.0,0.0009,0.0702
233,euw1,PLATINUM,2,0,1.41,23505.5,11943.5,179.5,16.5,0.0,0.0017,0.0716
234,euw1,DIAMOND,3,2,1.56,20785.67,15942.0,282.0,30.33,0.6667,0.0035,0.1419
234,euw1,EMERALD,8,7,6.37,22610.88,13343.88,172.0,22.75,0.875,0.0073,0.1688
234,euw1,GOLD,44,25,2.47,21783.39,12910.0,185.73,20.55,0.5682,0.0391,0.1492
234,euw1,PLATINUM,16,4,2.33,18294.13,12048.69,176.63,17.38,0.25,0.014,0.1483
234,na1,DIAMOND,9,5,2.97,19547.44,12635.0,187.0,24.11,0.5556,0.0078,0.1123
234,na1,EMERALD,1,1,,6156.0,6279.0,100.0,16.0,1.0,0.001,0.1111
235,euw1,DIAMOND,13,4,1.85,19650.38,10636.0,158.46,17.77,0.3077,0.0152,0.204
235,euw1,EMERALD,12,6,4.54,17516.83,9388.42,53.17,47.67,0.5,0.0109,0.062
235,euw1,GOLD,31,17,3.53,29542.55,11313.06,111.19,23.13,0.5484,0.0275,0.0595
235,euw1,PLATINUM,6,3,4.17,18451.5,9949.17,37.33,48.83,0.5,0.0052,0.0672
235,na1,DIAMOND,2,2,5.17,26947.5,12099.5,156.0,7.5,1.0,0.0017,0.1131
235,na1,EMERALD,7,1,2.46,18198.86,10932.29,136.14,36.71,0.1429,0.0071,0.0652
236,euw1,DIAMOND,8,3,4.28,34663.88,13087.25,206.5,16.63,0.375,0.0094,0.0434
236,euw1,EMERALD,7,4,3.57,30137.14,12268.43,211.57,16.0,0.5714,0.0064,0.0219
236,euw1,GOLD,8,2,4.47,22859.0,11788.5,199.63,15.75,0.25,0.0071,0.0213
236,euw1,PLATINUM,3,1,1.93,23658.0,13576.0,199.0,14.0,0.3333,0.0026,0.0375
236,na1,DIAMOND,52,29,3.91,24394.44,11894.88,203.65,15.62,0.5577,0.0453,0.1375
236,na1,EMERALD,7,4,2.6,24454.43,11565.0,194.43,13.14,0.5714,0.0071,0.1111
238,euw1,DIAMOND,9,3,2.16,18424.78,10632.89,172.11,22.67,0.3333,0.0106,0.1934
238,euw1,EMERALD,2,1,5.65,25161.0,12315.0,220.5,11.0,0.5,0.0018,0.1998
238,euw1,GOLD,3,0,2.11,25009.0,12141.0,174.0,19.0,0.0,0.0027,0.214
238,euw1,PLATINUM,12,6,4.65,25509.83,14156.83,215.42,29.92,0.5,0.0105,0.212
238,na1,DIAMOND,2,1,2.9,27218.5,12828.0,184.5,26.5,0.5,0.0017,0.262
238,na1,EMERALD,4,3,3.21,24293.0,13422.5,230.75,19.75,0.75,0.0041,0.1998
240,euw1,DIAMOND,37,26,4.17,25814.92,12146.49,173.97,13.19,0.7027,0.0434,0.0047
240,euw1,PLATINUM,2,2,6.2,30532.5,14349.0,186.5,16.5,1.0,0.0017,0.007
240,na1,EMERALD,1,0,4.25,36987.0,14768.0,194.0,13.0,0.0,0.001,0.001
245,euw1,DIAMOND,32,14,4.02,19660.31,11402.47,173.19,15.69,0.4375,0.0375,0.0551
245,euw1,EMERALD,10,6,2.32,25144.3,12611.6,183.8,15.5,0.6,0.0091,0.0265
245,euw1,GOLD,1,0,2.71,27199.0,14047.0,170.0,15.0,0.0,0.0009,0.0213
245,euw1,PLATINUM,12,8,2.79,26489.67,13805.08,230.0,20.0,0.6667,0.0105,0.0314
245,na1,DIAMOND,1,0,2.78,39251.0,17286.0,252.0,36.0,0.0,0.0009,0.0566
245,na1,EMERALD,16,10,4.24,20809.94,11708.94,185.13,14.75,0.625,0.0163,0.0357
246,euw1,EMERALD,2,1,3.95,38757.5,16472.0,230.5,20.5,0.5,0.0018,0.0055
246,euw1,GOLD,1,0,1.4,10236.0,7529.0,104.0,17.0,0.0,0.0009,0.0036
246,euw1,PLATINUM,1,1,2.0,17390.0,11606.0,167.0,15.0,1.0,0.0009,0.0061
246,na1,DIAMOND,32,12,1.76,24374.91,11563.25,167.41,14.94,0.375,0.0279,0.007
246,na1,EMERALD,1,0,2.88,40229.0,20988.0,295.0,28.0,0.0,0.001,0.0051
254,euw1,DIAMOND,12,8,4.9,12324.67,10131.25,171.67,19.33,0.6667,0.0141,0.0199
254,euw1,EMERALD,2,1,2.69,20427.0,12451.5,175.0,18.5,0.5,0.0018,0.0319
254,euw1,GOLD,6,1,1.48,12697.67,8777.0,136.5,14.5,0.1667,0.0053,0.0178
254,euw1,PLATINUM,2,0,1.42,23241.0,11198.0,142.0,19.5,0.0,0.0017,0.0262
254,kr,GOLD,1,0,0.67,4009.0,4804.0,83.0,12.0,0.0,0.0083,0.0083
254,na1,DIAMOND,4,3,13.63,17306.5,12201.0,154.5,16.5,0.75,0.0035,0.0383
254,na1,EMERALD,4,3,3.16,22477.75,13160.5,201.25,22.0,0.75,0.0041,0.0204
266,euw1,DIAMOND,7,3,2.31,24929.86,11241.29,195.71,15.57,0.4286,0.0082,0.0844
266,euw1,EMERALD,14,3,1.66,19124.21,10506.71,165.86,17.79,0.2143,0.0128,0.1195
266,euw1,GOLD,14,7,3.39,26492.43,12304.57,211.93,15.57,0.5,0.0124,0.0675
266,euw1,PLATINUM,1,0,1.75,27462.0,11354.0,153.0,14.0,0.0,0.0009,0.1143
266,kr,GOLD,1,0,,10679.0,7102.0,145.0,5.0,0.0,0.0083,0.1167
266,na1,DIAMOND,3,3,1.83,22444.0,11319.67,172.33,7.0,1.0,0.0026,0.1314
266,na1,EMERALD,5,2,1.65,22956.4,9761.4,161.0,14.0,0.4,0.0051,0.1998
267,euw1,DIAMOND,86,53,5.96,9556.66,8402.35,24.79,71.79,0.6163,0.1008,0.0281
267,euw1,EMERALD,18,8,2.94,10109.89,7752.94,22.72,50.39,0.4444,0.0164,0.0265
267,euw1,GOLD,7,2,2.53,12047.71,8852.71,27.29,58.0,0.2857,0.0062,0.0311
267,euw1,PLATINUM,15,8,3.26,8441.0,6816.8,20.47,54.4,0.5333,0.0131,0.0253
267,na1,DIAMOND,14,9,3.48,10269.5,7745.0,18.36,56.0,0.6429,0.0122,0.0139
267,na1,EMERALD,2,1,0.73,6707.0,4685.0,20.0,18.0,0.5,0.002,0.0224
268,euw1,DIAMOND,9,4,3.45,27634.56,12094.44,208.89,18.44,0.4444,0.0106,0.007
268,euw1,EMERALD,2,1,2.5,35199.5,15854.0,271.0,19.0,0.5,0.0018,0.01
268,euw1,PLATINUM,37,14,2.21,25233.11,11856.46,211.49,17.97,0.3784,0.0323,0.0044
268,na1,DIAMOND,1,1,4.75,30211.0,14320.0,247.0,23.0,1.0,0.0009,0.0104
350,euw1,EMERALD,12,6,7.38,8008.25,7609.67,12.58,48.67,0.5,0.0109,0.062
350,euw1,GOLD,1,0,1.0,6383.0,4735.0,15.0,16.0,0.0,0.0009,0.0506
350,kr,GOLD,1,1,19.0,18730.0,8984.0,73.0,20.0,1.0,0.0083,0.075
350,na1,DIAMOND,53,25,9.26,7714.75,7760.7,13.25,51.25,0.4717,0.0461,0.0583
360,euw1,EMERALD,6,4,3.43,33555.5,15342.33,204.67,12.5,0.6667,0.0055,0.0447
360,euw1,GOLD,9,5,2.79,24005.89,11984.44,156.44,11.22,0.5556,0.008,0.1039
360,euw1,PLATINUM,2,2,2.83,12258.5,8634.0,124.0,9.5,1.0,0.0017,0.0759
360,na1,EMERALD,2,1,3.84,44714.5,15876.5,211.0,19.5,0.5,0.002,0.0469
412,euw1,DIAMOND,3,2,2.21,12663.67,9572.33,26.0,66.33,0.6667,0.0035,0.0246
412,euw1,EMERALD,10,6,7.51,8771.9,8085.1,35.9,64.9,0.6,0.0091,0.0648
412,euw1,GOLD,2,0,1.61,9600.5,7737.0,41.5,67.0,0.0,0.0018,0.0364
412,euw1,PLATINUM,4,3,3.17,9552.5,7373.5,26.5,53.5,0.75,0.0035,0.0489
412,na1,DIAMOND,1,0,2.0,5758.0,5947.0,36.0,50.0,0.0,0.0009,0.0627
412,na1,EMERALD,2,1,2.21,7102.5,8316.5,34.5,81.0,0.5,0.002,0.053
420,euw1,EMERALD,2,2,0.83,11772.5,6362.5,123.5,11.0,1.0,0.0018,0.0456
420,euw1,GOLD,2,1,1.03,24301.0,12291.5,236.0,18.5,0.5,0.0018,0.0844
420,kr,GOLD,2,2,1.6,19406.0,10110.5,167.5,13.5,1.0,0.0167,0.0333
421,euw1,DIAMOND,1,0,0.2,2979.0,4270.0,84.0,6.0,0.0,0.0012,0.0059
421,euw1,EMERALD,1,1,3.57,32697.0,17268.0,277.0,27.0,1.0,0.0009,0.0164
421,euw1,GOLD,3,1,4.38,21663.67,11772.33,158.33,19.33,0.3333,0.0027,0.0018
421,euw1,PLATINUM,1,0,1.2,22861.0,15652.0,251.0,34.0,0.0,0.0009,0.0122
421,na1,DIAMOND,4,2,7.31,19936.25,14805.75,190.0,25.75,0.5,0.0035,0.0035
427,euw1,DIAMOND,1,0,2.13,7610.0,9072.0,19.0,65.0,0.0,0.0012,0.0328
427,euw1,PLATINUM,5,0,1.82,8711.0,9305.2,111.6,33.4,0.0,0.0044,0.0087
429,euw1,DIAMOND,3,2,3.79,12383.33,8553.67,140.67,8.0,0.6667,0.0035,0.0035
429,euw1,EMERALD,3,2,2.4,18377.33,10618.67,168.0,20.0,0.6667,0.0027,0.0046
429,euw1,GOLD,1,0,0.55,15551.0,8029.0,139.0,10.0,0.0,0.0009,0.0027
429,euw1,PLATINUM,3,2,2.33,30790.67,14266.33,181.67,26.0,0.6667,0.0026,0.0035
429,na1,DIAMOND,1,0,1.75,14080.0,10004.0,159.0,8.0,0.0,0.0009,0.0009
432,euw1,DIAMOND,4,0,2.19,21470.25,10795.0,34.25,78.5,0.0,0.0047,0.034
432,euw1,PLATINUM,3,2,4.51,14477.67,9318.0,33.33,69.67,0.6667,0.0026,0.0105
432,na1,DIAMOND,52,31,3.33,13308.29,8446.37,24.58,66.58,0.5962,0.0453,0.0331
432,na1,EMERALD,12,8,4.04,11064.0,7616.58,22.33,59.83,0.6667,0.0122,0.0082
497,euw1,DIAMOND,7,4,4.6,9548.43,8529.43,25.57,81.43,0.5714,0.0082,0.0035
497,na1,DIAMOND,6,4,3.18,7869.83,8977.33,34.17,93.17,0.6667,0.0052,0.0026
497,na1,EMERALD,1,0,0.63,5495.0,7807.0,31.0,48.0,0.0,0.001,0.0051
498,euw1,DIAMOND,4,2,3.1,20406.5,11299.75,204.25,15.75,0.5,0.0047,0.0106
498,euw1,EMERALD,8,3,3.16,15285.75,8466.38,151.5,9.25,0.375,0.0073,0.0091
498,euw1,GOLD,3,1,4.14,29655.0,11293.67,171.0,13.67,0.3333,0.0027,0.0089
498,euw1,PLATINUM,6,4,3.15,22373.17,11125.17,174.5,13.67,0.6667,0.0052,0.0113
498,na1,DIAMOND,3,2,4.18,34042.33,14942.67,255.33,19.0,0.6667,0.0026,0.0052
516,euw1,DIAMOND,7,5,5.67,18679.14,11280.86,222.0,22.29,0.7143,0.0082,0.0035
516,euw1,GOLD,16,9,6.24,23421.19,12542.06,215.56,18.88,0.5625,0.0142,0.0062
516,euw1,PLATINUM,4,2,2.5,19088.5,10510.25,176.25,20.75,0.5,0.0035,0.0052
516,na1,EMERALD,1,0,0.33,12290.0,6800.0,137.0,11.0,0.0,0.001,0.001
517,euw1,DIAMOND,2,1,3.38,18002.0,8599.0,123.5,11.0,0.5,0.0023,0.0844
517,euw1,EMERALD,12,4,3.0,20350.75,10409.92,153.17,15.75,0.3333,0.0109,0.0666
517,euw1,GOLD,6,1,2.95,23339.17,11822.17,179.5,16.17,0.1667,0.0053,0.0551
517,euw1,PLATINUM,9,3,2.02,31594.22,13588.22,209.67,26.22,0.3333,0.0079,0.0558
517,kr,GOLD,5,0,0.95,11037.2,7159.6,50.2,51.2,0.0,0.0417,0.1917
517,na1,DIAMOND,26,16,3.42,26527.19,11830.77,186.5,17.69,0.6154,0.0226,0.1044
517,na1,EMERALD,18,11,4.26,24155.56,12487.78,196.94,17.44,0.6111,0.0183,0.0938
518,euw1,DIAMOND,2,2,1.74,15091.0,9424.0,49.0,64.0,1.0,0.0023,0.007
518,euw1,GOLD,1,0,1.92,21548.0,14406.0,71.0,71.0,0.0,0.0009,0.0071
518,euw1,PLATINUM,1,1,2.0,13807.0,8762.0,40.0,60.0,1.0,0.0009,0.007
523,euw1,EMERALD,3,1,1.44,19280.67,9936.67,157.67,13.33,0.3333,0.0027,0.0119
523,euw1,PLATINUM,41,21,2.36,25851.39,12882.22,183.83,18.24,0.5122,0.0358,0.014
523,na1,DIAMOND,33,20,2.68,18937.85,11273.09,187.52,14.12,0.6061,0.0287,0.0113
523,na1,EMERALD,14,10,2.51,22905.64,11952.43,190.29,13.43,0.7143,0.0143,0.0092
526,euw1,DIAMOND,8,3,3.25,10750.88,9053.0,31.88,71.88,0.375,0.0094,0.0492
526,euw1,EMERALD,7,4,3.91,6865.71,7550.29,29.57,67.0,0.5714,0.0064,0.0328
526,euw1,PLATINUM,2,0,2.06,17537.5,10464.0,40.0,94.5,0.0,0.0017,0.0253
526,na1,DIAMOND,1,1,11.0,7552.0,7824.0,34.0,41.0,1.0,0.0009,0.0339
555,euw1,DIAMOND,1,0,4.0,8000.0,7720.0,32.0,59.0,0.0,0.0012,0.4924
555,euw1,EMERALD,1,1,3.14,19425.0,12427.0,28.0,100.0,1.0,0.0009,0.3139
555,euw1,GOLD,2,1,1.57,9619.0,9244.0,35.0,45.0,0.5,0.0018,0.1554
555,na1,DIAMOND,7,3,3.17,12230.14,10023.14,33.14,64.71,0.4286,0.0061,0.3507
555,na1,EMERALD,24,10,3.54,10849.21,9318.04,29.21,79.33,0.4167,0.0245,0.3068
711,euw1,DIAMOND,1,1,14.0,13137.0,8110.0,128.0,25.0,1.0,0.0012,0.0211
711,euw1,EMERALD,2,0,1.49,22011.0,11389.0,180.5,15.5,0.0,0.0018,0.0338
711,euw1,GOLD,5,2,3.02,30596.4,12518.6,205.0,26.0,0.4,0.0044,0.0409
711,na1,EMERALD,2,1,2.0,18948.0,12978.5,249.0,20.0,0.5,0.002,0.0255
777,euw1,DIAMOND,1,0,1.33,40710.0,16928.0,283.0,23.0,0.0,0.0012,0.0633
777,euw1,EMERALD,46,28,2.76,21338.98,10714.22,184.93,13.33,0.6087,0.042,0.0812
777,euw1,GOLD,13,7,3.09,22792.77,12281.62,205.77,16.15,0.5385,0.0115,0.1172
777,euw1,PLATINUM,14,6,2.21,31361.93,15185.43,260.43,18.29,0.4286,0.0122,0.1291
777,kr,GOLD,2,0,2.0,25588.5,11555.5,219.5,16.0,0.0,0.0167,0.1083
777,na1,DIAMOND,4,3,4.35,23035.25,13944.25,253.75,16.0,0.75,0.0035,0.0479
777,na1,EMERALD,6,3,2.61,20017.17,10583.33,181.33,17.83,0.5,0.0061,0.0866
799,euw1,DIAMOND,12,5,1.98,20961.92,11250.67,210.08,17.0,0.4167,0.0141,0.177
799,euw1,EMERALD,2,2,2.83,20519.5,10440.5,176.5,13.0,1.0,0.0018,0.1588
799,euw1,GOLD,23,7,2.71,22924.57,10470.35,168.39,15.09,0.3043,0.0204,0.0835
799,euw1,PLATINUM,22,17,3.57,31642.18,13051.55,188.45,16.32,0.7727,0.0192,0.1195
799,kr,GOLD,2,0,0.14,9296.5,5912.5,129.0,8.5,0.0,0.0167,0.05
799,na1,DIAMOND,1,1,3.2,24485.0,10292.0,160.0,17.0,1.0,0.0009,0.134
799,na1,EMERALD,8,2,1.94,17965.0,9203.25,166.25,18.25,0.25,0.0082,0.0938
800,euw1,DIAMOND,2,0,1.83,17769.5,9543.5,65.0,80.0,0.0,0.0023,0.3482
800,euw1,EMERALD,15,5,4.12,22425.0,11020.4,174.87,24.53,0.3333,0.0137,0.3631
800,euw1,PLATINUM,12,5,2.84,30873.5,12238.5,152.42,46.58,0.4167,0.0105,0.2644
800,na1,DIAMOND,36,16,3.53,22506.22,11557.89,203.94,10.89,0.4444,0.0313,0.2359
800,na1,EMERALD,4,1,4.65,26771.75,11655.0,206.25,18.5,0.25,0.0041,0.2436
875,euw1,DIAMOND,1,0,0.2,6372.0,6806.0,164.0,12.0,0.0,0.0012,0.0246
875,euw1,EMERALD,9,6,2.2,23210.22,12010.67,169.11,17.0,0.6667,0.0082,0.0265
875,euw1,GOLD,8,3,1.09,22974.5,10960.25,185.38,12.88,0.375,0.0071,0.0542
875,euw1,PLATINUM,10,7,3.06,33669.5,13539.3,185.3,21.0,0.7,0.0087,0.0445
875,na1,DIAMOND,2,0,0.33,4861.5,5155.5,89.0,7.5,0.0,0.0017,0.0244
875,na1,EMERALD,12,8,1.85,29146.42,13826.0,209.83,18.0,0.6667,0.0122,0.0265
876,euw1,DIAMOND,2,1,1.23,14326.5,9100.0,144.5,19.0,0.5,0.0023,0.0281
876,euw1,GOLD,3,1,1.5,23758.0,12056.33,169.0,20.0,0.3333,0.0027,0.0577
876,euw1,PLATINUM,3,0,2.42,38558.67,13713.0,208.0,14.67,0.0,0.0026,0.0567
876,na1,DIAMOND,3,1,,5897.0,5919.67,100.67,11.0,0.3333,0.0026,0.0609
887,euw1,DIAMOND,3,1,2.84,26488.0,13929.33,221.0,16.0,0.3333,0.0035,0.2063
887,euw1,EMERALD,1,0,1.91,65998.0,20715.0,329.0,33.0,0.0,0.0009,0.1688
887,euw1,GOLD,5,0,0.55,11670.4,7119.2,124.8,10.6,0.0,0.0044,0.127
887,euw1,PLATINUM,3,2,4.42,15653.33,9629.33,159.67,15.67,0.6667,0.0026,0.1291
887,na1,DIAMOND,10,6,3.11,16809.7,10826.0,176.4,19.1,0.6,0.0087,0.4343
887,na1,EMERALD,4,2,1.04,18460.0,9877.25,166.5,13.75,0.5,0.0041,0.1957
888,euw1,PLATINUM,4,2,2.22,16116.0,9274.75,40.0,87.25,0.5,0.0035,0.0017
888,na1,DIAMOND,2,1,3.33,9216.5,7571.5,25.0,47.5,0.5,0.0017,0.0026
888,na1,EMERALD,4,2,2.3,6267.5,7612.0,30.0,59.25,0.5,0.0041,0.0051
893,euw1,EMERALD,3,2,2.64,40322.67,15436.67,246.33,22.0,0.6667,0.0027,0.0976
893,euw1,GOLD,10,5,3.25,26338.8,12177.2,180.7,23.6,0.5,0.0089,0.048
893,euw1,PLATINUM,5,5,6.09,31272.6,14038.4,224.6,20.4,1.0,0.0044,0.0759
893,na1,DIAMOND,10,7,4.24,23931.9,11000.4,184.4,10.2,0.7,0.0087,0.0557
893,na1,EMERALD,3,1,6.38,22267.33,9424.0,138.67,13.67,0.3333,0.0031,0.0856
895,euw1,PLATINUM,11,6,2.32,20544.45,14121.36,220.45,13.45,0.5455,0.0096,0.055
895,na1,EMERALD,9,5,2.27,20902.0,13679.78,217.11,12.67,0.5556,0.0092,0.0357
897,euw1,PLATINUM,7,2,2.3,22368.86,11354.14,198.57,17.57,0.2857,0.0061,0.0323
897,kr,GOLD,6,1,2.02,20634.17,10719.67,155.33,30.17,0.1667,0.05,0.0583
897,na1,DIAMOND,7,1,1.27,18051.29,10511.29,178.71,9.14,0.1429,0.0061,0.0322
897,na1,EMERALD,4,2,2.34,19984.0,10172.75,167.5,13.5,0.5,0.0041,0.0398
901,euw1,DIAMOND,16,6,2.14,18933.0,10355.31,197.31,15.25,0.375,0.0188,0.0281
901,euw1,EMERALD,5,5,7.34,24218.4,11466.4,206.8,10.6,1.0,0.0046,0.0237
901,euw1,GOLD,2,0,1.01,15570.5,10010.5,179.5,10.0,0.0,0.0018,0.0266
901,euw1,PLATINUM,1,0,0.5,16253.0,11194.0,244.0,20.0,0.0,0.0009,0.0358
901,na1,DIAMOND,6,3,3.01,34544.17,13049.33,230.0,20.67,0.5,0.0052,0.0366
901,na1,EMERALD,5,2,2.85,24169.0,9751.6,188.0,14.2,0.4,0.0051,0.0306
902,euw1,DIAMOND,7,3,3.38,6301.71,7558.86,21.43,65.29,0.4286,0.0082,0.0211
902,euw1,EMERALD,4,0,2.58,5519.0,6643.75,25.25,52.75,0.0,0.0036,0.0438
902,euw1,GOLD,2,1,4.07,13765.0,12861.0,48.5,104.0,0.5,0.0018,0.0364
902,euw1,PLATINUM,25,11,4.7,6589.32,7217.56,26.68,62.2,0.44,0.0218,0.0602
902,na1,DIAMOND,5,2,2.58,5022.8,6654.0,18.0,34.0,0.4,0.0044,0.0435
910,euw1,DIAMOND,1,1,1.22,17393.0,11325.0,220.0,22.0,1.0,0.0012,0.0492
910,euw1,EMERALD,2,1,4.27,26066.5,12198.5,215.0,10.0,0.5,0.0018,0.0648
910,euw1,PLATINUM,4,3,3.68,25227.0,11202.0,194.75,12.75,0.75,0.0035,0.0567
910,kr,GOLD,11,4,3.52,18617.36,8618.18,46.45,70.55,0.3636,0.0917,0.025
910,na1,DIAMOND,16,10,4.57,26312.63,12078.0,192.38,23.38,0.625,0.0139,0.0409
910,na1,EMERALD,1,0,1.63,26095.0,11948.0,204.0,15.0,0.0,0.001,0.0744
950,euw1,DIAMOND,1,0,1.0,5508.0,6350.0,137.0,13.0,0.0,0.0012,0.2837
950,euw1,EMERALD,8,6,5.75,27445.0,13369.13,201.63,17.75,0.75,0.0073,0.302
950,euw1,GOLD,8,4,2.6,16153.88,10148.75,160.5,16.5,0.5,0.0071,0.2513
950,euw1,PLATINUM,1,1,3.6,33606.0,17099.0,258.0,34.0,1.0,0.0009,0.2714
950,na1,DIAMOND,3,0,1.94,20472.67,9632.0,166.0,22.33,0.0,0.0026,0.4456
950,na1,EMERALD,2,1,1.95,21628.5,12080.0,188.0,17.0,0.5,0.002,0.2722
